-- -----------------------------------------------------------------------------
-- --------------- PORTED ADVISOR RECORDS --------------
-- -----------------------------------------------------------------------------
INSERT INTO Advisor (email, lastName, firstName, middleName, position, department, extension, room) VALUES ('ahughes@sample.edu', 'Hughes', 'Autin', 'A', 'Advisor', 'CompSci', '1001', '04-101A');
INSERT INTO Advisor (email, lastName, firstName, middleName, position, department, extension, room) VALUES ('hhart@sample.edu', 'Hart', 'Hailey', 'K', 'Advisor', 'CompSci', '2002', '04-102A');
INSERT INTO Advisor (email, lastName, firstName, middleName, position, department, extension, room) VALUES ('baustin@sample.edu', 'Austin', 'Brayden', null, 'Advisor', 'IT', '3003', '04-103A');
INSERT INTO Advisor (email, lastName, firstName, middleName, position, department, extension, room) VALUES ('agonzale@sample.edu', 'Gonzalez', 'Abigail', 'Ava', 'Advisor', 'Acting', '4004', '04-104A');
INSERT INTO Advisor (email, lastName, firstName, middleName, position, department, extension, room) VALUES ('dlopez@sample.edu', 'Lopez', 'Dylan', null, 'Advisor', 'Physics', '5005', '04-105A');
INSERT INTO Advisor (email, lastName, firstName, middleName, position, department, extension, room) VALUES ('ocunning@sample.edu', 'Cunningham', 'Owen', null, 'Advisor', 'LibArts', '6006', '04-106A');

-- -----------------------------------------------------------------------------
-- --------------- PORTED STUDENT RECORDS --------------
-- -----------------------------------------------------------------------------
INSERT INTO Student (bannerNo, lastName, firstName, middleName, dob, gender, street, city, postCode, email, mobilePhone, major, minor, category, nationality, advisorEmail) VALUES ('S181-8331','Warren', 'Nathaniel', 'B', to_date('1969-6-27', 'yyyy-mm-dd'), 'M','2035 Madison Cir.', 'Akiak', 99552, 'nbw5824@sample.edu', '820-665-3606', 'CompSci', 'IT', 'Undergrad', 'US', 'hhart@sample.edu');
INSERT INTO Student (bannerNo, lastName, firstName, middleName, dob, gender, street, city, postCode, email, mobilePhone, major, minor, category, nationality, advisorEmail) VALUES ('S359-4466','Harrison', 'Sofia', 'P', to_date('1953-12-26', 'yyyy-mm-dd'), 'F','4417 Oak Dr.', 'San Ysidro', 92173, 'sph5250@sample.edu', '996-449-8590', 'IT', 'LibArts', 'Postgrad', 'US', 'baustin@sample.edu');
INSERT INTO Student (bannerNo, lastName, firstName, middleName, dob, gender, street, city, postCode, email, mobilePhone, major, minor, category, nationality, advisorEmail) VALUES ('S402-5111','Diaz', 'Natalie', 'Abigail', to_date('1963-12-27', 'yyyy-mm-dd'), 'F','2642 Walnut Ln.', 'Amarillo', 79107, 'nad9466@sample.edu', '772-759-8753', 'LibArts', 'Physics', 'Grad', 'US', 'ocunning@sample.edu');
INSERT INTO Student (bannerNo, lastName, firstName, middleName, dob, gender, street, city, postCode, email, mobilePhone, major, minor, category, nationality, advisorEmail) VALUES ('S376-8859','Kennedy', 'Destiny', 'J', to_date('1955-12-3', 'yyyy-mm-dd'), 'F','1258 Madison Dr.', 'Freehold', 12431, 'djk4479@sample.edu', '238-213-7407', 'CompSci', 'IT', 'Postgrad', 'US', 'hhart@sample.edu');
INSERT INTO Student (bannerNo, lastName, firstName, middleName, dob, gender, street, city, postCode, email, mobilePhone, major, minor, category, nationality, advisorEmail) VALUES ('S978-2729','Allen', 'Sydney', 'Peyton', to_date('1948-4-6', 'yyyy-mm-dd'), 'F','1390 Adams Dr.', 'Fort Payne', 35968, 'spa7084@sample.edu', '269-312-8640', 'IT', 'Physics', 'Grad', 'US', 'baustin@sample.edu');
INSERT INTO Student (bannerNo, lastName, firstName, middleName, dob, gender, street, city, postCode, email, mobilePhone, major, minor, category, nationality, advisorEmail) VALUES ('S372-6775','Scott', 'Isabelle', 'B', to_date('1947-9-4', 'yyyy-mm-dd'), 'F','2005 Chestnut St.', 'West Columbia', 29172, 'ibs1039@sample.edu', '238-608-7889', 'LibArts', 'Acting', 'Undergrad', 'US', 'ocunning@sample.edu');
INSERT INTO Student (bannerNo, lastName, firstName, middleName, dob, gender, street, city, postCode, email, mobilePhone, major, minor, category, nationality, advisorEmail) VALUES ('S590-7507','Gutierrez', 'Brady', 'Cole', to_date('1988-10-20', 'yyyy-mm-dd'), 'M','3704 Pine Dr.', 'Sierra Vista', 85635, 'bcg4660@sample.edu', '651-563-6164', 'LibArts', 'Acting', 'Grad', 'US', 'ocunning@sample.edu');
INSERT INTO Student (bannerNo, lastName, firstName, middleName, dob, gender, street, city, postCode, email, mobilePhone, major, minor, category, nationality, advisorEmail) VALUES ('S359-6615','Thompson', 'Chloe', 'M', to_date('1989-3-4', 'yyyy-mm-dd'), 'F','3720 Jackson Ln.', 'Scituate', 2066, 'cmt2383@sample.edu', '912-606-7905', 'CompSci', 'LibArts', 'Grad', 'US', 'hhart@sample.edu');
INSERT INTO Student (bannerNo, lastName, firstName, middleName, dob, gender, street, city, postCode, email, mobilePhone, major, minor, category, nationality, advisorEmail) VALUES ('S455-5028','Rivera', 'Camila', 'A', to_date('1969-10-23', 'yyyy-mm-dd'), 'F','890 Woodland Ln.', 'Wimbledon', 58492, 'car5665@sample.edu', '491-778-4677', 'CompSci', 'IT', 'Grad', 'US', 'hhart@sample.edu');
INSERT INTO Student (bannerNo, lastName, firstName, middleName, dob, gender, street, city, postCode, email, mobilePhone, major, minor, category, nationality, advisorEmail) VALUES ('S710-1908','Hunt', 'Alexis', 'Camila', to_date('1978-4-21', 'yyyy-mm-dd'), 'F','769 Cedar Dr.', 'Mount Judea', 72655, 'ach5413@sample.edu', '466-674-4355', 'IT', 'Physics', 'Undergrad', 'US', 'baustin@sample.edu');
INSERT INTO Student (bannerNo, lastName, firstName, middleName, dob, gender, street, city, postCode, email, mobilePhone, major, minor, category, nationality, advisorEmail) VALUES ('S793-4202','Burns', 'Mackenzie', 'E', to_date('1959-12-9', 'yyyy-mm-dd'), 'F','2168 Cherry Ln.', 'Wakpala', 57658, 'meb4968@sample.edu', '314-572-8093', 'Physics', 'Acting', 'Grad', 'US', 'dlopez@sample.edu');
INSERT INTO Student (bannerNo, lastName, firstName, middleName, dob, gender, street, city, postCode, email, mobilePhone, major, minor, category, nationality, advisorEmail) VALUES ('S676-9047','Holmes', 'Samantha', 'B', to_date('1982-10-8', 'yyyy-mm-dd'), 'F','4802 Pine St.', 'Monticello', 31064, 'sbh7991@sample.edu', '312-922-4125', 'CompSci', 'Physics', 'Undergrad', 'US', 'hhart@sample.edu');
INSERT INTO Student (bannerNo, lastName, firstName, middleName, dob, gender, street, city, postCode, email, mobilePhone, major, minor, category, nationality, advisorEmail) VALUES ('S697-1498','Turner', 'Eric', 'B', to_date('1959-8-11', 'yyyy-mm-dd'), 'M','3008 Elm St.', 'West Chester', 45069, 'ebt6660@sample.edu', '883-353-8083', 'Physics', 'Acting', 'Undergrad', 'US', 'dlopez@sample.edu');
INSERT INTO Student (bannerNo, lastName, firstName, middleName, dob, gender, street, city, postCode, email, mobilePhone, major, minor, category, nationality, advisorEmail) VALUES ('S301-4217','Carter', 'Rachel', 'Lauren', to_date('1972-1-7', 'yyyy-mm-dd'), 'F','2750 Willow Dr.', 'Amalia', 87512, 'rlc9327@sample.edu', '460-289-9974', 'CompSci', 'IT', 'Undergrad', 'US', 'hhart@sample.edu');
INSERT INTO Student (bannerNo, lastName, firstName, middleName, dob, gender, street, city, postCode, email, mobilePhone, major, minor, category, nationality, advisorEmail) VALUES ('S229-1392','Baker', 'Hailey', 'Madelyn', to_date('1955-7-25', 'yyyy-mm-dd'), 'F','4763 Park Ln.', 'Chicago', 60612, 'hmb5065@sample.edu', '973-817-3986', 'Physics', 'Acting', 'Undergrad', 'US', 'dlopez@sample.edu');
INSERT INTO Student (bannerNo, lastName, firstName, middleName, dob, gender, street, city, postCode, email, mobilePhone, major, minor, category, nationality, advisorEmail) VALUES ('S737-8027','Fox', 'Jennifer', 'Lillian', to_date('1945-9-23', 'yyyy-mm-dd'), 'F','2116 Adams Rd.', 'Annapolis', 63620, 'jlf9714@sample.edu', '786-664-3733', 'Acting', 'Physics', 'Postgrad', 'US', 'agonzale@sample.edu');
INSERT INTO Student (bannerNo, lastName, firstName, middleName, dob, gender, street, city, postCode, email, mobilePhone, major, minor, category, nationality, advisorEmail) VALUES ('S173-9342','Coleman', 'Brooklyn', 'A', to_date('1990-3-23', 'yyyy-mm-dd'), 'F','4892 Lincoln Cir.', 'Friendship', 38034, 'bac3898@sample.edu', '835-731-2024', 'LibArts', 'IT', 'Grad', 'US', 'ocunning@sample.edu');
INSERT INTO Student (bannerNo, lastName, firstName, middleName, dob, gender, street, city, postCode, email, mobilePhone, major, minor, category, nationality, advisorEmail) VALUES ('S950-5029','Holmes', 'Chloe', 'Claire', to_date('1950-5-7', 'yyyy-mm-dd'), 'F','2369 Lincoln Cir.', 'Benoit', 38725, 'cch4532@sample.edu', '453-475-6193', 'CompSci', 'IT', 'Undergrad', 'US', 'hhart@sample.edu');
INSERT INTO Student (bannerNo, lastName, firstName, middleName, dob, gender, street, city, postCode, email, mobilePhone, major, minor, category, nationality, advisorEmail) VALUES ('S867-8256','Chavez', 'Allison', 'Valeria', to_date('1956-4-3', 'yyyy-mm-dd'), 'F','3309 Jefferson Dr.', 'Pensacola', 32514, 'avc9568@sample.edu', '279-495-5857', 'LibArts', 'Physics', 'Postgrad', 'US', 'ocunning@sample.edu');
INSERT INTO Student (bannerNo, lastName, firstName, middleName, dob, gender, street, city, postCode, email, mobilePhone, major, minor, category, nationality, advisorEmail) VALUES ('S860-3308','Carter', 'Zachary', 'E', to_date('1975-5-24', 'yyyy-mm-dd'), 'M','4480 Cherry Cir.', 'Missouri City', 77489, 'zec2731@sample.edu', '803-852-8760', 'LibArts', 'CompSci', 'Undergrad', 'US', 'ocunning@sample.edu');
INSERT INTO Student (bannerNo, lastName, firstName, middleName, dob, gender, street, city, postCode, email, mobilePhone, major, minor, category, nationality, advisorEmail) VALUES ('S654-5667','Sims', 'Elizabeth', 'S', to_date('1973-12-2', 'yyyy-mm-dd'), 'F','4039 Walnut Cir.', 'Brooks', 30205, 'ess5774@sample.edu', '214-298-3849', 'CompSci', 'Physics', 'Undergrad', 'US', 'hhart@sample.edu');
INSERT INTO Student (bannerNo, lastName, firstName, middleName, dob, gender, street, city, postCode, email, mobilePhone, major, minor, category, nationality, advisorEmail) VALUES ('S218-2230','Garcia', 'Andrew', 'Sebastian', to_date('1960-5-6', 'yyyy-mm-dd'), 'M','4707 Virginia St.', 'Bronx', 10470, 'asg2176@sample.edu', '912-638-9258', 'Acting', 'IT', 'Grad', 'US', 'agonzale@sample.edu');
INSERT INTO Student (bannerNo, lastName, firstName, middleName, dob, gender, street, city, postCode, email, mobilePhone, major, minor, category, nationality, advisorEmail) VALUES ('S327-2461','Stone', 'Sara', 'A', to_date('1959-1-23', 'yyyy-mm-dd'), 'F','4160 Chestnut Cir.', 'Middleburg', 43336, 'sas6780@sample.edu', '472-817-7538', 'Physics', 'LibArts', 'Undergrad', 'US', 'dlopez@sample.edu');
INSERT INTO Student (bannerNo, lastName, firstName, middleName, dob, gender, street, city, postCode, email, mobilePhone, major, minor, category, nationality, advisorEmail) VALUES ('S165-8942','Smith', 'Hunter', 'Aaron', to_date('1968-2-24', 'yyyy-mm-dd'), 'M','3480 Linden Rd.', 'New Haven', 25265, 'has6472@sample.edu', '715-303-2648', 'Acting', 'LibArts', 'Undergrad', 'US', 'agonzale@sample.edu');
INSERT INTO Student (bannerNo, lastName, firstName, middleName, dob, gender, street, city, postCode, email, mobilePhone, major, minor, category, nationality, advisorEmail) VALUES ('S272-2074','Gonzalez', 'Savannah', 'A', to_date('1975-7-8', 'yyyy-mm-dd'), 'F','2180 Madison Rd.', 'Lakeland', 33803, 'sag4151@sample.edu', '822-424-4275', 'IT', 'CompSci', 'Postgrad', 'US', 'baustin@sample.edu');
INSERT INTO Student (bannerNo, lastName, firstName, middleName, dob, gender, street, city, postCode, email, mobilePhone, major, minor, category, nationality, advisorEmail) VALUES ('S388-9358','Brown', 'Jackson', 'N', to_date('1960-3-6', 'yyyy-mm-dd'), 'M','2950 Cedar Dr.', 'New Troy', 49119, 'jnb8144@sample.edu', '491-931-8356', 'Acting', 'Physics', 'Postgrad', 'US', 'agonzale@sample.edu');
INSERT INTO Student (bannerNo, lastName, firstName, middleName, dob, gender, street, city, postCode, email, mobilePhone, major, minor, category, nationality, advisorEmail) VALUES ('S282-3399','Peterson', 'Jaden', 'K', to_date('1990-12-4', 'yyyy-mm-dd'), 'M','2134 Willow Ln.', 'Springfield', 72157, 'jkp7514@sample.edu', '336-727-7734', 'Physics', 'LibArts', 'Postgrad', 'US', 'dlopez@sample.edu');
INSERT INTO Student (bannerNo, lastName, firstName, middleName, dob, gender, street, city, postCode, email, mobilePhone, major, minor, category, nationality, advisorEmail) VALUES ('S113-3192','Stone', 'James', 'C', to_date('1988-3-20', 'yyyy-mm-dd'), 'M','3215 Willow Cir.', 'Glenpool', 74033, 'jcs3053@sample.edu', '604-854-9940', 'CompSci', 'IT', 'Grad', 'US', 'hhart@sample.edu');
INSERT INTO Student (bannerNo, lastName, firstName, middleName, dob, gender, street, city, postCode, email, mobilePhone, major, minor, category, nationality, advisorEmail) VALUES ('S308-8593','Rice', 'Diego', 'E', to_date('1971-11-19', 'yyyy-mm-dd'), 'M','2117 Jackson Ln.', 'Santa Barbara', 93105, 'der9210@sample.edu', '215-581-2233', 'IT', 'Physics', 'Undergrad', 'US', 'baustin@sample.edu');
INSERT INTO Student (bannerNo, lastName, firstName, middleName, dob, gender, street, city, postCode, email, mobilePhone, major, minor, category, nationality, advisorEmail) VALUES ('S637-5225','Butler', 'Adam', 'T', to_date('1976-3-18', 'yyyy-mm-dd'), 'M','3918 Madison Cir.', 'Winter Haven', 33881, 'atb5317@sample.edu', '435-963-4600', 'LibArts', 'IT', 'Undergrad', 'US', 'ocunning@sample.edu');
INSERT INTO Student (bannerNo, lastName, firstName, middleName, dob, gender, street, city, postCode, email, mobilePhone, major, minor, category, nationality, advisorEmail) VALUES ('S371-7621','Fox', 'Ella', 'Camila', to_date('1946-7-10', 'yyyy-mm-dd'), 'F','4050 Highland Cir.', 'Wheatley', 72392, 'ecf4956@sample.edu', '463-862-2780', 'Acting', 'LibArts', 'Undergrad', 'US', 'agonzale@sample.edu');
INSERT INTO Student (bannerNo, lastName, firstName, middleName, dob, gender, street, city, postCode, email, mobilePhone, major, minor, category, nationality, advisorEmail) VALUES ('S412-1101','Perkins', 'Melanie', 'Sophie', to_date('1951-10-20', 'yyyy-mm-dd'), 'F','4032 Oak Ln.', 'Oakland', 94606, 'msp3669@sample.edu', '465-462-3210', 'IT', 'LibArts', 'Undergrad', 'US', 'baustin@sample.edu');
INSERT INTO Student (bannerNo, lastName, firstName, middleName, dob, gender, street, city, postCode, email, mobilePhone, major, minor, category, nationality, advisorEmail) VALUES ('S580-6625','Williams', 'Nevaeh', 'Brooke', to_date('1991-9-7', 'yyyy-mm-dd'), 'F','4678 Chestnut St.', 'Wolford', 58385, 'nbw1288@sample.edu', '307-884-5373', 'Physics', 'Acting', 'Grad', 'US', 'dlopez@sample.edu');
INSERT INTO Student (bannerNo, lastName, firstName, middleName, dob, gender, street, city, postCode, email, mobilePhone, major, minor, category, nationality, advisorEmail) VALUES ('S774-5893','Carr', 'Melanie', 'A', to_date('1968-3-7', 'yyyy-mm-dd'), 'F','1652 Willow Cir.', 'Burlington', 6013, 'mac8196@sample.edu', '481-620-5213', 'LibArts', 'Physics', 'Postgrad', 'US', 'ocunning@sample.edu');
INSERT INTO Student (bannerNo, lastName, firstName, middleName, dob, gender, street, city, postCode, email, mobilePhone, major, minor, category, nationality, advisorEmail) VALUES ('S805-2120','Kelley', 'Cole', 'B', to_date('1989-5-26', 'yyyy-mm-dd'), 'M','230 Maple Ln.', 'Oreland', 19075, 'cbk1186@sample.edu', '610-600-7255', 'Physics', 'Acting', 'Undergrad', 'US', 'dlopez@sample.edu');
INSERT INTO Student (bannerNo, lastName, firstName, middleName, dob, gender, street, city, postCode, email, mobilePhone, major, minor, category, nationality, advisorEmail) VALUES ('S429-5163','Gardner', 'Mackenzie', 'Megan', to_date('1980-11-9', 'yyyy-mm-dd'), 'F','4141 Maple Ln.', 'Eastborough', 67207, 'mmg3837@sample.edu', '641-462-2447', 'CompSci', 'IT', 'Undergrad', 'US', 'hhart@sample.edu');
INSERT INTO Student (bannerNo, lastName, firstName, middleName, dob, gender, street, city, postCode, email, mobilePhone, major, minor, category, nationality, advisorEmail) VALUES ('S463-3435','Reed', 'Robert', 'Caleb', to_date('1971-6-16', 'yyyy-mm-dd'), 'M','1544 Woodland Cir.', 'Mont Alto', 17237, 'rcr6202@sample.edu', '547-215-6534', 'Acting', 'IT', 'Grad', 'US', 'agonzale@sample.edu');
INSERT INTO Student (bannerNo, lastName, firstName, middleName, dob, gender, street, city, postCode, email, mobilePhone, major, minor, category, nationality, advisorEmail) VALUES ('S803-7183','Richardson', 'Ethan', 'G', to_date('1980-9-19', 'yyyy-mm-dd'), 'M','524 Elm Dr.', 'Fortine', 59918, 'egr2309@sample.edu', '624-352-3680', 'CompSci', 'Acting', 'Postgrad', 'US', 'hhart@sample.edu');
INSERT INTO Student (bannerNo, lastName, firstName, middleName, dob, gender, street, city, postCode, email, mobilePhone, major, minor, category, nationality, advisorEmail) VALUES ('S490-3093','Perry', 'Madeline', 'K', to_date('1940-10-10', 'yyyy-mm-dd'), 'F','2965 Jackson Ln.', 'Varina', 50593, 'mkp3508@sample.edu', '970-646-4214', 'IT', 'CompSci', 'Undergrad', 'US', 'baustin@sample.edu');
INSERT INTO Student (bannerNo, lastName, firstName, middleName, dob, gender, street, city, postCode, email, mobilePhone, major, minor, category, nationality, advisorEmail) VALUES ('S784-4225','Sims', 'Makayla', 'J', to_date('1981-1-8', 'yyyy-mm-dd'), 'F','3096 Lincoln St.', 'Woolwich', 4579, 'mjs1082@sample.edu', '279-444-5407', 'LibArts', 'CompSci', 'Undergrad', 'US', 'ocunning@sample.edu');
INSERT INTO Student (bannerNo, lastName, firstName, middleName, dob, gender, street, city, postCode, email, mobilePhone, major, minor, category, nationality, advisorEmail) VALUES ('S928-3487','Morgan', 'Sydney', 'R', to_date('1969-8-1', 'yyyy-mm-dd'), 'F','647 Walnut Rd.', 'Wetmore', 81253, 'srm3295@sample.edu', '532-807-4985', 'IT', 'LibArts', 'Undergrad', 'US', 'baustin@sample.edu');
INSERT INTO Student (bannerNo, lastName, firstName, middleName, dob, gender, street, city, postCode, email, mobilePhone, major, minor, category, nationality, advisorEmail) VALUES ('S193-4048','Gray', 'Kaden', 'A', to_date('1976-6-10', 'yyyy-mm-dd'), 'M','2607 Wilson Cir.', 'Wolverton', 56594, 'kag3862@sample.edu', '295-502-4744', 'IT', 'Physics', 'Grad', 'US', 'baustin@sample.edu');
INSERT INTO Student (bannerNo, lastName, firstName, middleName, dob, gender, street, city, postCode, email, mobilePhone, major, minor, category, nationality, advisorEmail) VALUES ('S766-9073','Johnson', 'Jacob', 'A', to_date('1947-11-18', 'yyyy-mm-dd'), 'M','1714 Park Dr.', 'Risingsun', 43457, 'jaj6040@sample.edu', '312-670-7562', 'LibArts', 'Physics', 'Postgrad', 'US', 'ocunning@sample.edu');
INSERT INTO Student (bannerNo, lastName, firstName, middleName, dob, gender, street, city, postCode, email, mobilePhone, major, minor, category, nationality, advisorEmail) VALUES ('S938-8167','Evans', 'Caleb', 'Brandon', to_date('1974-1-11', 'yyyy-mm-dd'), 'M','2852 Wilson Cir.', 'Lime Springs', 52155, 'cbe8109@sample.edu', '502-729-8411', 'LibArts', 'Acting', 'Undergrad', 'US', 'ocunning@sample.edu');
INSERT INTO Student (bannerNo, lastName, firstName, middleName, dob, gender, street, city, postCode, email, mobilePhone, major, minor, category, nationality, advisorEmail) VALUES ('S907-3458','Brooks', 'Jordan', 'Bryan', to_date('1945-12-26', 'yyyy-mm-dd'), 'M','356 Oak Cir.', 'Walstonburg', 27888, 'jbb5068@sample.edu', '503-481-9515', 'Physics', 'IT', 'Undergrad', 'US', 'dlopez@sample.edu');
INSERT INTO Student (bannerNo, lastName, firstName, middleName, dob, gender, street, city, postCode, email, mobilePhone, major, minor, category, nationality, advisorEmail) VALUES ('S305-2353','Simpson', 'Anna', 'Anna', to_date('1942-4-5', 'yyyy-mm-dd'), 'F','3697 Adams Cir.', 'Blowing Rock', 28605, 'aas7677@sample.edu', '512-763-6567', 'Acting', 'LibArts', 'Undergrad', 'US', 'agonzale@sample.edu');
INSERT INTO Student (bannerNo, lastName, firstName, middleName, dob, gender, street, city, postCode, email, mobilePhone, major, minor, category, nationality, advisorEmail) VALUES ('S705-6923','Davis', 'Liam', 'D', to_date('1974-2-4', 'yyyy-mm-dd'), 'M','574 Jefferson Cir.', 'Eastabuchie', 39436, 'ldd1437@sample.edu', '741-612-4625', 'Acting', 'IT', 'Undergrad', 'US', 'agonzale@sample.edu');
INSERT INTO Student (bannerNo, lastName, firstName, middleName, dob, gender, street, city, postCode, email, mobilePhone, major, minor, category, nationality, advisorEmail) VALUES ('S602-7172','Peters', 'Maria', 'A', to_date('1969-8-28', 'yyyy-mm-dd'), 'F','35 Laurel Ln.', 'Hewitt', 56453, 'map6736@sample.edu', '685-734-6884', 'CompSci', 'Acting', 'Postgrad', 'US', 'hhart@sample.edu');
INSERT INTO Student (bannerNo, lastName, firstName, middleName, dob, gender, street, city, postCode, email, mobilePhone, major, minor, category, nationality, advisorEmail) VALUES ('S573-3174','Powell', 'Riley', 'I', to_date('1959-6-4', 'yyyy-mm-dd'), 'F','442 Laurel Ln.', 'Chattanooga', 37405, 'rip1955@sample.edu', '708-387-9893', 'IT', 'CompSci', 'Undergrad', 'US', 'baustin@sample.edu');
INSERT INTO Student (bannerNo, lastName, firstName, middleName, dob, gender, street, city, postCode, email, mobilePhone, major, minor, category, nationality, advisorEmail) VALUES ('S842-7188','Foster', 'Faith', 'Evelyn', to_date('1949-3-1', 'yyyy-mm-dd'), 'F','4267 Cherry St.', 'Holland', 43528, 'fef7066@sample.edu', '671-611-6397', 'LibArts', 'IT', 'Grad', 'US', 'ocunning@sample.edu');
INSERT INTO Student (bannerNo, lastName, firstName, middleName, dob, gender, street, city, postCode, email, mobilePhone, major, minor, category, nationality, advisorEmail) VALUES ('S944-8489','Foster', 'Payton', 'E', to_date('1960-4-5', 'yyyy-mm-dd'), 'F','4780 Franklin Rd.', 'New Athens', 62264, 'pef9403@sample.edu', '762-861-6541', 'CompSci', 'LibArts', 'Grad', 'US', 'hhart@sample.edu');
INSERT INTO Student (bannerNo, lastName, firstName, middleName, dob, gender, street, city, postCode, email, mobilePhone, major, minor, category, nationality, advisorEmail) VALUES ('S218-6599','Graham', 'Cole', 'Eric', to_date('1953-2-26', 'yyyy-mm-dd'), 'M','3193 Franklin St.', 'Lancaster', 63548, 'ceg3115@sample.edu', '606-257-9119', 'IT', 'CompSci', 'Grad', 'US', 'baustin@sample.edu');
INSERT INTO Student (bannerNo, lastName, firstName, middleName, dob, gender, street, city, postCode, email, mobilePhone, major, minor, category, nationality, advisorEmail) VALUES ('S703-7457','Harper', 'Noah', 'Ayden', to_date('1946-5-28', 'yyyy-mm-dd'), 'M','3404 Chestnut Dr.', 'Pueblo', 81004, 'nah7143@sample.edu', '446-392-7934', 'Physics', 'Acting', 'Undergrad', 'US', 'dlopez@sample.edu');
INSERT INTO Student (bannerNo, lastName, firstName, middleName, dob, gender, street, city, postCode, email, mobilePhone, major, minor, category, nationality, advisorEmail) VALUES ('S336-5987','Miller', 'Arianna', 'Trinity', to_date('1978-7-10', 'yyyy-mm-dd'), 'F','1161 Highland Ln.', 'Montezuma', 47862, 'atm8274@sample.edu', '285-509-3976', 'LibArts', 'Physics', 'Grad', 'US', 'ocunning@sample.edu');
INSERT INTO Student (bannerNo, lastName, firstName, middleName, dob, gender, street, city, postCode, email, mobilePhone, major, minor, category, nationality, advisorEmail) VALUES ('S116-8319','Ross', 'Andrew', 'Matthew', to_date('1992-12-12', 'yyyy-mm-dd'), 'M','192 Sunset Rd.', 'Salem', 97306, 'amr7742@sample.edu', '374-804-2941', 'LibArts', 'IT', 'Grad', 'US', 'ocunning@sample.edu');
INSERT INTO Student (bannerNo, lastName, firstName, middleName, dob, gender, street, city, postCode, email, mobilePhone, major, minor, category, nationality, advisorEmail) VALUES ('S774-2688','Watson', 'Mariah', 'Elizabeth', to_date('1956-7-26', 'yyyy-mm-dd'), 'F','887 Woodland Cir.', 'Hammett', 83627, 'mew7791@sample.edu', '736-241-6629', 'CompSci', 'Acting', 'Undergrad', 'US', 'hhart@sample.edu');
INSERT INTO Student (bannerNo, lastName, firstName, middleName, dob, gender, street, city, postCode, email, mobilePhone, major, minor, category, nationality, advisorEmail) VALUES ('S164-9360','Stone', 'Sarah', 'Lily', to_date('1955-12-20', 'yyyy-mm-dd'), 'F','3252 Willow Dr.', 'Mc Connellsburg', 17233, 'sls4810@sample.edu', '650-721-5504', 'IT', 'Acting', 'Grad', 'US', 'baustin@sample.edu');
INSERT INTO Student (bannerNo, lastName, firstName, middleName, dob, gender, street, city, postCode, email, mobilePhone, major, minor, category, nationality, advisorEmail) VALUES ('S632-3204','Wilson', 'Xavier', 'Benjamin', to_date('1980-12-5', 'yyyy-mm-dd'), 'M','1932 Washington Dr.', 'Chicopee', 1013, 'xbw9595@sample.edu', '296-447-3461', 'Physics', 'Acting', 'Undergrad', 'US', 'dlopez@sample.edu');
INSERT INTO Student (bannerNo, lastName, firstName, middleName, dob, gender, street, city, postCode, email, mobilePhone, major, minor, category, nationality, advisorEmail) VALUES ('S532-1328','Myers', 'Ian', 'Andrew', to_date('1953-6-4', 'yyyy-mm-dd'), 'M','2459 Jackson Dr.', 'Eleanor', 25070, 'iam8268@sample.edu', '284-891-4825', 'IT', 'LibArts', 'Undergrad', 'US', 'baustin@sample.edu');
INSERT INTO Student (bannerNo, lastName, firstName, middleName, dob, gender, street, city, postCode, email, mobilePhone, major, minor, category, nationality, advisorEmail) VALUES ('S479-7595','Perry', 'Charlotte', 'V', to_date('1959-5-22', 'yyyy-mm-dd'), 'F','536 Washington St.', 'Brinkhaven', 43006, 'cvp5985@sample.edu', '966-841-7556', 'IT', 'Acting', 'Postgrad', 'US', 'baustin@sample.edu');
INSERT INTO Student (bannerNo, lastName, firstName, middleName, dob, gender, street, city, postCode, email, mobilePhone, major, minor, category, nationality, advisorEmail) VALUES ('S307-6097','Fisher', 'Joshua', 'B', to_date('1977-4-26', 'yyyy-mm-dd'), 'M','564 Oak Ln.', 'Sturtevant', 53177, 'jbf5118@sample.edu', '880-818-4154', 'IT', 'LibArts', 'Undergrad', 'US', 'baustin@sample.edu');
INSERT INTO Student (bannerNo, lastName, firstName, middleName, dob, gender, street, city, postCode, email, mobilePhone, major, minor, category, nationality, advisorEmail) VALUES ('S215-5374','Bryant', 'Connor', 'Tristan', to_date('1946-10-26', 'yyyy-mm-dd'), 'M','2951 Highland St.', 'Akiak', 99552, 'ctb4350@sample.edu', '864-586-7090', 'IT', 'Acting', 'Grad', 'US', 'baustin@sample.edu');
INSERT INTO Student (bannerNo, lastName, firstName, middleName, dob, gender, street, city, postCode, email, mobilePhone, major, minor, category, nationality, advisorEmail) VALUES ('S459-4363','Hawkins', 'Charlotte', 'Addison', to_date('1988-9-21', 'yyyy-mm-dd'), 'F','2351 Woodland Rd.', 'Valders', 54245, 'cah3815@sample.edu', '929-845-7623', 'Physics', 'IT', 'Grad', 'US', 'dlopez@sample.edu');
INSERT INTO Student (bannerNo, lastName, firstName, middleName, dob, gender, street, city, postCode, email, mobilePhone, major, minor, category, nationality, advisorEmail) VALUES ('S403-2967','Riley', 'Adam', 'Jose', to_date('1956-9-10', 'yyyy-mm-dd'), 'M','31 Sunset Dr.', 'Hornbrook', 96044, 'ajr5019@sample.edu', '391-824-3792', 'LibArts', 'IT', 'Grad', 'US', 'ocunning@sample.edu');
INSERT INTO Student (bannerNo, lastName, firstName, middleName, dob, gender, street, city, postCode, email, mobilePhone, major, minor, category, nationality, advisorEmail) VALUES ('S417-8491','Hicks', 'Sarah', 'Gabriella', to_date('1991-5-14', 'yyyy-mm-dd'), 'F','2168 Rose St.', 'Medicine Lodge', 67104, 'sgh7156@sample.edu', '498-486-8937', 'IT', 'Physics', 'Postgrad', 'US', 'baustin@sample.edu');
INSERT INTO Student (bannerNo, lastName, firstName, middleName, dob, gender, street, city, postCode, email, mobilePhone, major, minor, category, nationality, advisorEmail) VALUES ('S137-5995','Walker', 'Rachel', 'P', to_date('1957-7-7', 'yyyy-mm-dd'), 'F','1246 Washington Rd.', 'Oscoda', 48750, 'rpw7002@sample.edu', '810-401-3715', 'Acting', 'LibArts', 'Grad', 'US', 'agonzale@sample.edu');
INSERT INTO Student (bannerNo, lastName, firstName, middleName, dob, gender, street, city, postCode, email, mobilePhone, major, minor, category, nationality, advisorEmail) VALUES ('S779-7227','Robertson', 'Sophie', 'A', to_date('1979-5-3', 'yyyy-mm-dd'), 'F','4385 Sunset Rd.', 'Courtland', 56021, 'sar2322@sample.edu', '247-234-6328', 'IT', 'Physics', 'Grad', 'US', 'baustin@sample.edu');
INSERT INTO Student (bannerNo, lastName, firstName, middleName, dob, gender, street, city, postCode, email, mobilePhone, major, minor, category, nationality, advisorEmail) VALUES ('S988-2883','Parker', 'Michael', 'A', to_date('1988-10-18', 'yyyy-mm-dd'), 'M','2901 Washington St.', 'Marfa', 79843, 'map8072@sample.edu', '320-712-2933', 'LibArts', 'Acting', 'Undergrad', 'US', 'ocunning@sample.edu');
INSERT INTO Student (bannerNo, lastName, firstName, middleName, dob, gender, street, city, postCode, email, mobilePhone, major, minor, category, nationality, advisorEmail) VALUES ('S678-9762','Watson', 'Caleb', 'Caden', to_date('1954-9-6', 'yyyy-mm-dd'), 'M','3121 Cedar Ln.', 'Memphis', 38122, 'ccw6784@sample.edu', '264-963-7915', 'Acting', 'CompSci', 'Undergrad', 'US', 'agonzale@sample.edu');
INSERT INTO Student (bannerNo, lastName, firstName, middleName, dob, gender, street, city, postCode, email, mobilePhone, major, minor, category, nationality, advisorEmail) VALUES ('S291-3106','Hall', 'Jonathan', 'A', to_date('1950-3-24', 'yyyy-mm-dd'), 'M','1113 Oak Cir.', 'Salinas', 93908, 'jah1101@sample.edu', '847-962-3667', 'CompSci', 'Acting', 'Postgrad', 'US', 'hhart@sample.edu');
INSERT INTO Student (bannerNo, lastName, firstName, middleName, dob, gender, street, city, postCode, email, mobilePhone, major, minor, category, nationality, advisorEmail) VALUES ('S510-3514','Berry', 'Caroline', 'K', to_date('1970-11-15', 'yyyy-mm-dd'), 'F','1120 Cedar Dr.', 'Stevens Pottery', 31031, 'ckb5103@sample.edu', '600-491-9801', 'IT', 'CompSci', 'Undergrad', 'US', 'baustin@sample.edu');
INSERT INTO Student (bannerNo, lastName, firstName, middleName, dob, gender, street, city, postCode, email, mobilePhone, major, minor, category, nationality, advisorEmail) VALUES ('S653-1714','Torres', 'Rachel', 'A', to_date('1940-12-5', 'yyyy-mm-dd'), 'F','206 Elm Dr.', 'Shaver Lake', 93664, 'rat4690@sample.edu', '235-817-5358', 'Physics', 'LibArts', 'Undergrad', 'US', 'dlopez@sample.edu');
INSERT INTO Student (bannerNo, lastName, firstName, middleName, dob, gender, street, city, postCode, email, mobilePhone, major, minor, category, nationality, advisorEmail) VALUES ('S732-8954','Cooper', 'Genesis', 'S', to_date('1955-9-9', 'yyyy-mm-dd'), 'F','4290 Wilson Dr.', 'Kansas', 61933, 'gsc8877@sample.edu', '649-952-4293', 'LibArts', 'Acting', 'Undergrad', 'US', 'ocunning@sample.edu');
INSERT INTO Student (bannerNo, lastName, firstName, middleName, dob, gender, street, city, postCode, email, mobilePhone, major, minor, category, nationality, advisorEmail) VALUES ('S929-4679','Kelley', 'Michael', 'D', to_date('1940-10-14', 'yyyy-mm-dd'), 'M','3260 Park Cir.', 'Ethridge', 38456, 'mdk8236@sample.edu', '652-692-9318', 'LibArts', 'Physics', 'Undergrad', 'US', 'ocunning@sample.edu');
INSERT INTO Student (bannerNo, lastName, firstName, middleName, dob, gender, street, city, postCode, email, mobilePhone, major, minor, category, nationality, advisorEmail) VALUES ('S676-2089','Mitchell', 'Gavin', 'N', to_date('1957-6-22', 'yyyy-mm-dd'), 'M','4130 Cherry St.', 'Luverne', 56156, 'gnm9781@sample.edu', '732-559-7157', 'Physics', 'IT', 'Grad', 'US', 'dlopez@sample.edu');
INSERT INTO Student (bannerNo, lastName, firstName, middleName, dob, gender, street, city, postCode, email, mobilePhone, major, minor, category, nationality, advisorEmail) VALUES ('S205-2616','Hunt', 'Jesus', 'K', to_date('1943-10-5', 'yyyy-mm-dd'), 'M','4724 Wilson Rd.', 'Erie', 48133, 'jkh4974@sample.edu', '510-905-2856', 'CompSci', 'Acting', 'Undergrad', 'US', 'hhart@sample.edu');
INSERT INTO Student (bannerNo, lastName, firstName, middleName, dob, gender, street, city, postCode, email, mobilePhone, major, minor, category, nationality, advisorEmail) VALUES ('S106-7044','Allen', 'Allison', 'M', to_date('1975-6-7', 'yyyy-mm-dd'), 'F','1222 Wilson Cir.', 'La Crosse', 67548, 'ama2005@sample.edu', '981-251-3762', 'CompSci', 'LibArts', 'Grad', 'US', 'hhart@sample.edu');
INSERT INTO Student (bannerNo, lastName, firstName, middleName, dob, gender, street, city, postCode, email, mobilePhone, major, minor, category, nationality, advisorEmail) VALUES ('S382-6058','Gonzales', 'Rachel', 'K', to_date('1964-3-15', 'yyyy-mm-dd'), 'F','1746 Adams Cir.', 'Millersburg', 52308, 'rkg8525@sample.edu', '793-749-7192', 'IT', 'Physics', 'Grad', 'US', 'baustin@sample.edu');
INSERT INTO Student (bannerNo, lastName, firstName, middleName, dob, gender, street, city, postCode, email, mobilePhone, major, minor, category, nationality, advisorEmail) VALUES ('S350-2984','Flores', 'Kaden', 'Michael', to_date('1942-9-13', 'yyyy-mm-dd'), 'M','4591 Walnut Dr.', 'Bedford', 83112, 'kmf6597@sample.edu', '508-702-5919', 'LibArts', 'Acting', 'Grad', 'US', 'ocunning@sample.edu');
INSERT INTO Student (bannerNo, lastName, firstName, middleName, dob, gender, street, city, postCode, email, mobilePhone, major, minor, category, nationality, advisorEmail) VALUES ('S771-7342','Gibson', 'Jordan', 'J', to_date('1993-2-9', 'yyyy-mm-dd'), 'M','2034 Sunset Dr.', 'Somerville', 35670, 'jjg4968@sample.edu', '493-737-3413', 'Acting', 'LibArts', 'Grad', 'US', 'agonzale@sample.edu');
INSERT INTO Student (bannerNo, lastName, firstName, middleName, dob, gender, street, city, postCode, email, mobilePhone, major, minor, category, nationality, advisorEmail) VALUES ('S895-6746','Spencer', 'John', 'T', to_date('1957-12-3', 'yyyy-mm-dd'), 'M','3631 Park St.', 'Port Saint John', 32927, 'jts2371@sample.edu', '603-361-4419', 'CompSci', 'LibArts', 'Grad', 'US', 'hhart@sample.edu');
INSERT INTO Student (bannerNo, lastName, firstName, middleName, dob, gender, street, city, postCode, email, mobilePhone, major, minor, category, nationality, advisorEmail) VALUES ('S979-1716','Palmer', 'William', 'Hayden', to_date('1945-8-9', 'yyyy-mm-dd'), 'M','3044 Elm Ln.', 'Wofford Heights', 93285, 'whp6141@sample.edu', '491-947-5440', 'Acting', 'LibArts', 'Undergrad', 'US', 'agonzale@sample.edu');
INSERT INTO Student (bannerNo, lastName, firstName, middleName, dob, gender, street, city, postCode, email, mobilePhone, major, minor, category, nationality, advisorEmail) VALUES ('S425-8573','Hayes', 'Mackenzie', 'Vanessa', to_date('1977-2-9', 'yyyy-mm-dd'), 'F','130 Jackson Dr.', 'New Castle', 16102, 'mvh4247@sample.edu', '281-348-4498', 'Physics', 'CompSci', 'Grad', 'US', 'dlopez@sample.edu');
INSERT INTO Student (bannerNo, lastName, firstName, middleName, dob, gender, street, city, postCode, email, mobilePhone, major, minor, category, nationality, advisorEmail) VALUES ('S268-5440','Scott', 'Charlotte', 'Sophie', to_date('1984-11-10', 'yyyy-mm-dd'), 'F','2241 Cherry Dr.', 'Troy', 22974, 'css7148@sample.edu', '753-425-4864', 'CompSci', 'Physics', 'Grad', 'US', 'hhart@sample.edu');
INSERT INTO Student (bannerNo, lastName, firstName, middleName, dob, gender, street, city, postCode, email, mobilePhone, major, minor, category, nationality, advisorEmail) VALUES ('S814-7306','Baker', 'Rachel', 'A', to_date('1968-5-8', 'yyyy-mm-dd'), 'F','47 Rose St.', 'Dearborn Heights', 48127, 'rab7932@sample.edu', '639-853-8201', 'LibArts', 'Physics', 'Undergrad', 'US', 'ocunning@sample.edu');
INSERT INTO Student (bannerNo, lastName, firstName, middleName, dob, gender, street, city, postCode, email, mobilePhone, major, minor, category, nationality, advisorEmail) VALUES ('S566-1443','Cunningham', 'Evan', 'N', to_date('1957-6-11', 'yyyy-mm-dd'), 'M','4469 Laurel Ln.', 'Ward', 72176, 'enc4045@sample.edu', '827-855-8825', 'Physics', 'LibArts', 'Grad', 'US', 'dlopez@sample.edu');
INSERT INTO Student (bannerNo, lastName, firstName, middleName, dob, gender, street, city, postCode, email, mobilePhone, major, minor, category, nationality, advisorEmail) VALUES ('S932-1225','Cooper', 'Isaac', 'Caleb', to_date('1944-11-16', 'yyyy-mm-dd'), 'M','2839 Woodland Rd.', 'Denton', 21629, 'icc4079@sample.edu', '611-647-2514', 'CompSci', 'LibArts', 'Grad', 'US', 'hhart@sample.edu');
INSERT INTO Student (bannerNo, lastName, firstName, middleName, dob, gender, street, city, postCode, email, mobilePhone, major, minor, category, nationality, advisorEmail) VALUES ('S402-9592','Ford', 'Aidan', 'C', to_date('1940-11-23', 'yyyy-mm-dd'), 'M','3765 Cherry Dr.', 'Garvin', 74736, 'acf7986@sample.edu', '225-777-6539', 'Physics', 'IT', 'Grad', 'US', 'dlopez@sample.edu');
INSERT INTO Student (bannerNo, lastName, firstName, middleName, dob, gender, street, city, postCode, email, mobilePhone, major, minor, category, nationality, advisorEmail) VALUES ('S767-9088','Elliott', 'Hunter', 'Kaden', to_date('1983-4-13', 'yyyy-mm-dd'), 'M','1882 Willow Cir.', 'Bladensburg', 20710, 'hke7095@sample.edu', '663-639-2061', 'LibArts', 'CompSci', 'Postgrad', 'US', 'ocunning@sample.edu');
INSERT INTO Student (bannerNo, lastName, firstName, middleName, dob, gender, street, city, postCode, email, mobilePhone, major, minor, category, nationality, advisorEmail) VALUES ('S909-9693','Clark', 'Brianna', 'S', to_date('1979-12-28', 'yyyy-mm-dd'), 'F','3096 Park Dr.', 'Revelo', 42638, 'bsc5882@sample.edu', '337-738-4290', 'Physics', 'LibArts', 'Undergrad', 'US', 'dlopez@sample.edu');
INSERT INTO Student (bannerNo, lastName, firstName, middleName, dob, gender, street, city, postCode, email, mobilePhone, major, minor, category, nationality, advisorEmail) VALUES ('S794-9897','Taylor', 'Matthew', 'Michael', to_date('1984-5-23', 'yyyy-mm-dd'), 'M','4182 Jackson St.', 'Estero', 33928, 'mmt4873@sample.edu', '693-729-8670', 'LibArts', 'IT', 'Postgrad', 'US', 'ocunning@sample.edu');
INSERT INTO Student (bannerNo, lastName, firstName, middleName, dob, gender, street, city, postCode, email, mobilePhone, major, minor, category, nationality, advisorEmail) VALUES ('S687-1462','Grant', 'Allison', 'Layla', to_date('1963-1-4', 'yyyy-mm-dd'), 'F','2056 Virginia Rd.', 'Long Key', 33001, 'alg1714@sample.edu', '877-546-4244', 'IT', 'CompSci', 'Postgrad', 'US', 'baustin@sample.edu');
INSERT INTO Student (bannerNo, lastName, firstName, middleName, dob, gender, street, city, postCode, email, mobilePhone, major, minor, category, nationality, advisorEmail) VALUES ('S397-9604','Ruiz', 'Maria', 'B', to_date('1970-10-11', 'yyyy-mm-dd'), 'F','569 Oak Rd.', 'Weston', 83286, 'mbr9226@sample.edu', '315-703-7876', 'CompSci', 'LibArts', 'Undergrad', 'US', 'hhart@sample.edu');
INSERT INTO Student (bannerNo, lastName, firstName, middleName, dob, gender, street, city, postCode, email, mobilePhone, major, minor, category, nationality, advisorEmail) VALUES ('S672-6838','Morales', 'Gabriella', 'K', to_date('1994-2-25', 'yyyy-mm-dd'), 'F','3296 Elm Rd.', 'Greenville', 63944, 'gkm7846@sample.edu', '976-276-4703', 'CompSci', 'Acting', 'Undergrad', 'US', 'hhart@sample.edu');
INSERT INTO Student (bannerNo, lastName, firstName, middleName, dob, gender, street, city, postCode, email, mobilePhone, major, minor, category, nationality, advisorEmail) VALUES ('S764-4623','Kennedy', 'Gianna', 'Arianna', to_date('1974-3-12', 'yyyy-mm-dd'), 'F','1276 Highland Ln.', 'Coleridge', 27316, 'gak1890@sample.edu', '717-779-2291', 'IT', 'Acting', 'Undergrad', 'US', 'baustin@sample.edu');
INSERT INTO Student (bannerNo, lastName, firstName, middleName, dob, gender, street, city, postCode, email, mobilePhone, major, minor, category, nationality, advisorEmail) VALUES ('S450-8060','Johnson', 'Angelina', 'A', to_date('1940-5-8', 'yyyy-mm-dd'), 'F','540 Elm Dr.', 'Arlington', 2476, 'aaj3080@sample.edu', '706-877-2987', 'Physics', 'LibArts', 'Undergrad', 'US', 'dlopez@sample.edu');
INSERT INTO Student (bannerNo, lastName, firstName, middleName, dob, gender, street, city, postCode, email, mobilePhone, major, minor, category, nationality, advisorEmail) VALUES ('S465-3831','Gordon', 'Aaron', 'A', to_date('1975-5-9', 'yyyy-mm-dd'), 'M','4688 Cedar St.', 'North Plainfield', 7063, 'aag6587@sample.edu', '788-360-5883', 'IT', 'Acting', 'Grad', 'US', 'baustin@sample.edu');
INSERT INTO Student (bannerNo, lastName, firstName, middleName, dob, gender, street, city, postCode, email, mobilePhone, major, minor, category, nationality, advisorEmail) VALUES ('S255-2803','Ramos', 'Samuel', 'Caden', to_date('1948-8-28', 'yyyy-mm-dd'), 'M','846 Oak Cir.', 'Dumas', 71639, 'scr1187@sample.edu', '956-280-6510', 'CompSci', 'IT', 'Undergrad', 'US', 'hhart@sample.edu');
INSERT INTO Student (bannerNo, lastName, firstName, middleName, dob, gender, street, city, postCode, email, mobilePhone, major, minor, category, nationality, advisorEmail) VALUES ('S221-7204','Ferguson', 'Logan', 'Cole', to_date('1944-1-1', 'yyyy-mm-dd'), 'M','3410 Linden St.', 'National Park', 8063, 'lcf8923@sample.edu', '380-978-8858', 'LibArts', 'Acting', 'Undergrad', 'US', 'ocunning@sample.edu');
INSERT INTO Student (bannerNo, lastName, firstName, middleName, dob, gender, street, city, postCode, email, mobilePhone, major, minor, category, nationality, advisorEmail) VALUES ('S410-5778','Webb', 'Julia', 'Z', to_date('1979-7-15', 'yyyy-mm-dd'), 'F','3901 Laurel Dr.', 'Minden', 25879, 'jzw1749@sample.edu', '289-763-9718', 'LibArts', 'CompSci', 'Grad', 'US', 'ocunning@sample.edu');

-- -----------------------------------------------------------------------------
-- --------------- PORTED CONTACT RECORDS --------------
-- -----------------------------------------------------------------------------
INSERT INTO Next_Of_Kin (name, contactTelNo, city, street, postCode) VALUES ('Fox, Savannah', '730-655-4121', '2188 Oak Rd.', 'Lancaster', 63548);
INSERT INTO Next_Of_Kin (name, contactTelNo, city, street, postCode) VALUES ('Martinez, Jose', '203-831-5018', '3872 Willow Rd.', 'Tea', 57064);
INSERT INTO Next_Of_Kin (name, contactTelNo, city, street, postCode) VALUES ('Scott, Emma', '924-370-6579', '3193 Franklin Rd.', 'Lutsen', 55612);
INSERT INTO Next_Of_Kin (name, contactTelNo, city, street, postCode) VALUES ('Weaver, Adrian', '450-458-5184', '612 Virginia Ln.', 'Tower City', 58071);
INSERT INTO Next_Of_Kin (name, contactTelNo, city, street, postCode) VALUES ('Shaw, Angelina', '631-468-3106', '4046 Sunset Cir.', 'Subiaco', 72865);
INSERT INTO Next_Of_Kin (name, contactTelNo, city, street, postCode) VALUES ('Harris, Henry', '353-845-8414', '2024 Laurel Rd.', 'Pratts', 22731);
INSERT INTO Next_Of_Kin (name, contactTelNo, city, street, postCode) VALUES ('Hamilton, Emma', '944-539-8195', '3422 Walnut St.', 'New York', 10280);
INSERT INTO Next_Of_Kin (name, contactTelNo, city, street, postCode) VALUES ('Graham, Melanie', '535-807-2477', '2205 Cherry St.', 'Lawrence', 66047);
INSERT INTO Next_Of_Kin (name, contactTelNo, city, street, postCode) VALUES ('Moore, Bryan', '713-629-3164', '2132 Washington Dr.', 'Forbestown', 95941);
INSERT INTO Next_Of_Kin (name, contactTelNo, city, street, postCode) VALUES ('Cunningham, Gabrielle', '633-763-9729', '2380 Cherry Dr.', 'Tiptop', 24630);
INSERT INTO Next_Of_Kin (name, contactTelNo, city, street, postCode) VALUES ('Grant, Caden', '232-608-7574', '3857 Madison Dr.', 'Nashville', 37215);
INSERT INTO Next_Of_Kin (name, contactTelNo, city, street, postCode) VALUES ('Hall, Jason', '202-920-4086', '3939 Adams Rd.', 'Owingsville', 40360);
INSERT INTO Next_Of_Kin (name, contactTelNo, city, street, postCode) VALUES ('Sanders, Mariah', '654-899-6236', '4206 Jackson Dr.', 'Weymouth', 2188);
INSERT INTO Next_Of_Kin (name, contactTelNo, city, street, postCode) VALUES ('Long, Madelyn', '955-416-6773', '1652 Virginia Dr.', 'Christoval', 76935);
INSERT INTO Next_Of_Kin (name, contactTelNo, city, street, postCode) VALUES ('Arnold, Jason', '492-858-7736', '1253 Linden Ln.', 'New York', 10162);
INSERT INTO Next_Of_Kin (name, contactTelNo, city, street, postCode) VALUES ('James, Victoria', '658-944-7798', '2869 Maple St.', 'Parker', 57053);
INSERT INTO Next_Of_Kin (name, contactTelNo, city, street, postCode) VALUES ('Gomez, Kevin', '781-669-4337', '2428 Elm Cir.', 'Royalton', 56373);
INSERT INTO Next_Of_Kin (name, contactTelNo, city, street, postCode) VALUES ('Powell, Sophie', '367-588-4401', '3722 Chestnut Ln.', 'Holbrook', 11741);
INSERT INTO Next_Of_Kin (name, contactTelNo, city, street, postCode) VALUES ('Jordan, Colton', '296-687-5660', '2425 Rose Ln.', 'Monroe', 10950);
INSERT INTO Next_Of_Kin (name, contactTelNo, city, street, postCode) VALUES ('Harrison, Aaliyah', '287-267-9866', '1661 Woodland Dr.', 'Norborne', 64668);
INSERT INTO Next_Of_Kin (name, contactTelNo, city, street, postCode) VALUES ('Powell, Luis', '268-785-4542', '3070 Sunset Rd.', 'Bronston', 42518);
INSERT INTO Next_Of_Kin (name, contactTelNo, city, street, postCode) VALUES ('James, William', '704-269-3586', '1390 Rose Dr.', 'Shaftsbury', 5262);
INSERT INTO Next_Of_Kin (name, contactTelNo, city, street, postCode) VALUES ('Black, Jose', '238-502-8654', '4654 Walnut St.', 'Warrenville', 29851);
INSERT INTO Next_Of_Kin (name, contactTelNo, city, street, postCode) VALUES ('Ramos, Katherine', '405-451-5266', '3451 Wilson Rd.', 'Powell', 75153);
INSERT INTO Next_Of_Kin (name, contactTelNo, city, street, postCode) VALUES ('Franklin, Carlos', '514-239-9529', '2782 Maple Rd.', 'Jordan', 59337);
INSERT INTO Next_Of_Kin (name, contactTelNo, city, street, postCode) VALUES ('Carter, Makayla', '299-828-8030', '2705 Chestnut Ln.', 'Denmark', 4022);
INSERT INTO Next_Of_Kin (name, contactTelNo, city, street, postCode) VALUES ('Edwards, Maya', '946-431-5737', '1092 Pine Rd.', 'Garretson', 57030);
INSERT INTO Next_Of_Kin (name, contactTelNo, city, street, postCode) VALUES ('Lawson, Jason', '886-907-2979', '2512 Highland Ln.', 'Neosho Falls', 66758);
INSERT INTO Next_Of_Kin (name, contactTelNo, city, street, postCode) VALUES ('Matthews, Savannah', '817-338-9571', '35 Jackson Ln.', 'Harmon', 73832);
INSERT INTO Next_Of_Kin (name, contactTelNo, city, street, postCode) VALUES ('Reyes, Aidan', '930-375-9251', '4962 Lincoln St.', 'Louisville', 36048);
INSERT INTO Next_Of_Kin (name, contactTelNo, city, street, postCode) VALUES ('Morris, Jayden', '263-469-9318', '117 Sunset Cir.', 'Lake Park', 31636);
INSERT INTO Next_Of_Kin (name, contactTelNo, city, street, postCode) VALUES ('Garcia, Cameron', '798-647-8453', '4139 Wilson Cir.', 'Maxie', 24628);
INSERT INTO Next_Of_Kin (name, contactTelNo, city, street, postCode) VALUES ('Jones, Brianna', '932-339-2944', '4774 Elm Rd.', 'Madbury', 3820);
INSERT INTO Next_Of_Kin (name, contactTelNo, city, street, postCode) VALUES ('Flores, Madison', '940-594-7983', '1866 Elm St.', 'Gasquet', 95543);
INSERT INTO Next_Of_Kin (name, contactTelNo, city, street, postCode) VALUES ('Powell, Aaron', '251-353-8808', '3727 Cedar Cir.', 'Bloomington', 55438);
INSERT INTO Next_Of_Kin (name, contactTelNo, city, street, postCode) VALUES ('Owens, Savannah', '861-921-7431', '2951 Linden Ln.', 'South Lake Tahoe', 96150);
INSERT INTO Next_Of_Kin (name, contactTelNo, city, street, postCode) VALUES ('Murphy, Chase', '846-419-3207', '217 Cedar Ln.', 'Montezuma', 31063);
INSERT INTO Next_Of_Kin (name, contactTelNo, city, street, postCode) VALUES ('Mcdonald, Arianna', '872-222-7415', '2418 Cherry St.', 'Penn', 58362);
INSERT INTO Next_Of_Kin (name, contactTelNo, city, street, postCode) VALUES ('Henry, Sebastian', '203-769-8660', '2645 Laurel Ln.', 'Cynthiana', 41031);
INSERT INTO Next_Of_Kin (name, contactTelNo, city, street, postCode) VALUES ('Roberts, Caroline', '984-624-2560', '2130 Oak Cir.', 'Heber', 92249);
INSERT INTO Next_Of_Kin (name, contactTelNo, city, street, postCode) VALUES ('Dixon, Paige', '806-800-6683', '4498 Virginia Cir.', 'San Juan', 913);
INSERT INTO Next_Of_Kin (name, contactTelNo, city, street, postCode) VALUES ('Arnold, Brooke', '798-567-7583', '1139 Adams Ln.', 'Highland', 46322);
INSERT INTO Next_Of_Kin (name, contactTelNo, city, street, postCode) VALUES ('Andrews, Carter', '205-601-5978', '3422 Maple Dr.', 'Buffalo', 66717);
INSERT INTO Next_Of_Kin (name, contactTelNo, city, street, postCode) VALUES ('Gutierrez, Arianna', '873-226-4637', '4766 Virginia Rd.', 'Adams', 97810);
INSERT INTO Next_Of_Kin (name, contactTelNo, city, street, postCode) VALUES ('Carpenter, Aiden', '642-548-7987', '1187 Washington Rd.', 'Wilmot', 57279);
INSERT INTO Next_Of_Kin (name, contactTelNo, city, street, postCode) VALUES ('Parker, Daniel', '399-354-6785', '1244 Walnut Cir.', 'Havana', 32333);
INSERT INTO Next_Of_Kin (name, contactTelNo, city, street, postCode) VALUES ('Sims, Anthony', '324-358-5868', '4596 Woodland Ln.', 'Eads', 38028);
INSERT INTO Next_Of_Kin (name, contactTelNo, city, street, postCode) VALUES ('Stevens, Madeline', '493-883-4515', '2867 Maple Ln.', 'Hubbard', 44425);
INSERT INTO Next_Of_Kin (name, contactTelNo, city, street, postCode) VALUES ('Baker, Evan', '916-987-7720', '1957 Maple Ln.', 'Lucerne', 46950);
INSERT INTO Next_Of_Kin (name, contactTelNo, city, street, postCode) VALUES ('Cole, Andrea', '685-606-9625', '983 Cedar Ln.', 'Canon City', 81212);
INSERT INTO Next_Of_Kin (name, contactTelNo, city, street, postCode) VALUES ('Perez, Kylie', '647-301-9028', '4301 Highland Ln.', 'Buckland', 45819);
INSERT INTO Next_Of_Kin (name, contactTelNo, city, street, postCode) VALUES ('White, Xavier', '685-866-9835', '1073 Maple Cir.', 'Ramsey', 62080);
INSERT INTO Next_Of_Kin (name, contactTelNo, city, street, postCode) VALUES ('Perkins, Maria', '338-524-7552', '4831 Rose St.', 'Cardwell', 59721);
INSERT INTO Next_Of_Kin (name, contactTelNo, city, street, postCode) VALUES ('Harris, Cole', '986-287-3185', '91 Franklin Ln.', 'Silex', 63377);
INSERT INTO Next_Of_Kin (name, contactTelNo, city, street, postCode) VALUES ('Bailey, Alexis', '309-554-2448', '1444 Elm Ln.', 'Granite Springs', 10527);
INSERT INTO Next_Of_Kin (name, contactTelNo, city, street, postCode) VALUES ('Thomas, Brian', '630-943-8152', '2610 Willow Cir.', 'Loretto', 22509);
INSERT INTO Next_Of_Kin (name, contactTelNo, city, street, postCode) VALUES ('Howard, Aiden', '486-460-3273', '3666 Lincoln Rd.', 'Blandford', 1008);
INSERT INTO Next_Of_Kin (name, contactTelNo, city, street, postCode) VALUES ('Adams, Julia', '772-978-4470', '4346 Rose Dr.', 'Kirksey', 42054);
INSERT INTO Next_Of_Kin (name, contactTelNo, city, street, postCode) VALUES ('Mitchell, Jack', '900-316-3245', '3184 Pine Dr.', 'Tallahassee', 32310);
INSERT INTO Next_Of_Kin (name, contactTelNo, city, street, postCode) VALUES ('Vasquez, Katherine', '733-740-2889', '2541 Pine Ln.', 'Fort Lauderdale', 33312);
INSERT INTO Next_Of_Kin (name, contactTelNo, city, street, postCode) VALUES ('Elliott, Liam', '732-821-8083', '1271 Willow Cir.', 'Brigantine', 8203);
INSERT INTO Next_Of_Kin (name, contactTelNo, city, street, postCode) VALUES ('Crawford, Samantha', '783-723-9650', '1180 Jackson Ln.', 'Waterloo', 53594);
INSERT INTO Next_Of_Kin (name, contactTelNo, city, street, postCode) VALUES ('Jordan, Jonathan', '304-362-2233', '3730 Maple Dr.', 'Crane', 65633);
INSERT INTO Next_Of_Kin (name, contactTelNo, city, street, postCode) VALUES ('Wells, Michael', '427-963-6598', '2827 Highland St.', 'Amarillo', 79124);
INSERT INTO Next_Of_Kin (name, contactTelNo, city, street, postCode) VALUES ('Pierce, Andrea', '754-645-5897', '1478 Willow St.', 'Atlanta', 30303);
INSERT INTO Next_Of_Kin (name, contactTelNo, city, street, postCode) VALUES ('Stephens, Aiden', '354-955-6344', '1441 Park Cir.', 'Gamaliel', 72537);
INSERT INTO Next_Of_Kin (name, contactTelNo, city, street, postCode) VALUES ('Martinez, Bailey', '460-551-4767', '378 Chestnut Cir.', 'Latham', 45646);
INSERT INTO Next_Of_Kin (name, contactTelNo, city, street, postCode) VALUES ('Sims, Chloe', '829-282-6736', '3237 Virginia Rd.', 'Seattle', 98105);
INSERT INTO Next_Of_Kin (name, contactTelNo, city, street, postCode) VALUES ('Campbell, Ryan', '837-641-7986', '4807 Willow Rd.', 'Goodsprings', 89019);
INSERT INTO Next_Of_Kin (name, contactTelNo, city, street, postCode) VALUES ('Pierce, Maria', '399-525-4922', '3978 Cherry Dr.', 'Philadelphia', 19126);
INSERT INTO Next_Of_Kin (name, contactTelNo, city, street, postCode) VALUES ('Cunningham, Brandon', '813-298-6294', '1465 Park St.', 'Tampa', 33604);
INSERT INTO Next_Of_Kin (name, contactTelNo, city, street, postCode) VALUES ('Palmer, Nevaeh', '893-844-7284', '4435 Cedar Rd.', 'Boise City', 73933);
INSERT INTO Next_Of_Kin (name, contactTelNo, city, street, postCode) VALUES ('Spencer, Amelia', '553-651-9953', '3380 Jackson Dr.', 'Mineola', 11501);
INSERT INTO Next_Of_Kin (name, contactTelNo, city, street, postCode) VALUES ('Wright, Jason', '273-922-6057', '4007 Elm Ln.', 'El Campo', 77437);
INSERT INTO Next_Of_Kin (name, contactTelNo, city, street, postCode) VALUES ('Kelly, Sophia', '636-717-6468', '3568 Walnut Cir.', 'Mc Mechen', 26040);
INSERT INTO Next_Of_Kin (name, contactTelNo, city, street, postCode) VALUES ('Gutierrez, Caden', '959-866-6003', '2773 Park St.', 'Spring City', 84662);
INSERT INTO Next_Of_Kin (name, contactTelNo, city, street, postCode) VALUES ('Carr, Valeria', '288-875-9258', '2741 Virginia Dr.', 'Blaine', 37709);
INSERT INTO Next_Of_Kin (name, contactTelNo, city, street, postCode) VALUES ('Alexander, Jackson', '369-475-3127', '4841 Wilson Ln.', 'Bowie', 20715);
INSERT INTO Next_Of_Kin (name, contactTelNo, city, street, postCode) VALUES ('Dunn, Gabrielle', '469-681-8569', '2295 Sunset Dr.', 'Oceanside', 97134);
INSERT INTO Next_Of_Kin (name, contactTelNo, city, street, postCode) VALUES ('Robertson, Brooklyn', '291-767-4302', '3581 Wilson Cir.', 'Columbus Grove', 45830);
INSERT INTO Next_Of_Kin (name, contactTelNo, city, street, postCode) VALUES ('Cunningham, Gabriel', '280-932-3870', '394 Cherry St.', 'Millfield', 45761);
INSERT INTO Next_Of_Kin (name, contactTelNo, city, street, postCode) VALUES ('Scott, Kaylee', '575-215-9937', '4560 Rose St.', 'Penuelas', 624);
INSERT INTO Next_Of_Kin (name, contactTelNo, city, street, postCode) VALUES ('Holmes, Jayden', '872-222-7528', '3126 Virginia Ln.', 'Mill Creek', 46365);
INSERT INTO Next_Of_Kin (name, contactTelNo, city, street, postCode) VALUES ('Hamilton, Daniel', '478-918-9193', '3890 Oak Rd.', 'Jerome', 49249);
INSERT INTO Next_Of_Kin (name, contactTelNo, city, street, postCode) VALUES ('Weaver, Gracie', '239-853-3256', '1740 Chestnut Cir.', 'Englewood Cliffs', 7632);
INSERT INTO Next_Of_Kin (name, contactTelNo, city, street, postCode) VALUES ('Torres, Maria', '256-718-9745', '4693 Rose Ln.', 'Tucson', 85713);
INSERT INTO Next_Of_Kin (name, contactTelNo, city, street, postCode) VALUES ('Evans, Adrian', '367-997-2750', '2246 Maple St.', 'Covington', 76636);
INSERT INTO Next_Of_Kin (name, contactTelNo, city, street, postCode) VALUES ('Diaz, Kimberly', '299-773-6420', '2149 Cedar St.', 'Observatory', 15214);
INSERT INTO Next_Of_Kin (name, contactTelNo, city, street, postCode) VALUES ('Nelson, Jeremiah', '406-399-3272', '34 Virginia Ln.', 'Wyoming', 14591);
INSERT INTO Next_Of_Kin (name, contactTelNo, city, street, postCode) VALUES ('Armstrong, Charles', '510-503-2220', '2832 Washington St.', 'Broomall', 19008);
INSERT INTO Next_Of_Kin (name, contactTelNo, city, street, postCode) VALUES ('Stevens, Vanessa', '458-584-7035', '3632 Park Ln.', 'Dallas', 50062);
INSERT INTO Next_Of_Kin (name, contactTelNo, city, street, postCode) VALUES ('Walker, Caleb', '968-512-8132', '4575 Laurel Ln.', 'Conrath', 54731);
INSERT INTO Next_Of_Kin (name, contactTelNo, city, street, postCode) VALUES ('Holmes, Zoey', '542-608-3265', '743 Elm Cir.', 'Pendleton', 40055);
INSERT INTO Next_Of_Kin (name, contactTelNo, city, street, postCode) VALUES ('Lopez, Carter', '566-949-8153', '907 Walnut Rd.', 'Kenmore', 14217);
INSERT INTO Next_Of_Kin (name, contactTelNo, city, street, postCode) VALUES ('Hawkins, Autumn', '983-614-9930', '235 Park St.', 'West Wardsboro', 5360);
INSERT INTO Next_Of_Kin (name, contactTelNo, city, street, postCode) VALUES ('Thomas, Amelia', '787-285-3005', '1696 Wilson Rd.', 'Draper', 84020);
INSERT INTO Next_Of_Kin (name, contactTelNo, city, street, postCode) VALUES ('Weaver, Destiny', '624-812-6294', '2761 Washington Ln.', 'Sylvania', 43560);
INSERT INTO Next_Of_Kin (name, contactTelNo, city, street, postCode) VALUES ('Daniels, Andrea', '289-700-8802', '28 Maple Dr.', 'Sugar Grove', 26815);
INSERT INTO Next_Of_Kin (name, contactTelNo, city, street, postCode) VALUES ('Andrews, Luke', '528-797-4916', '1409 Elm St.', 'Tomahawk', 54487);
INSERT INTO Next_Of_Kin (name, contactTelNo, city, street, postCode) VALUES ('Wright, Gianna', '538-638-3521', '3736 Washington Cir.', 'Quasqueton', 52326);
INSERT INTO Next_Of_Kin (name, contactTelNo, city, street, postCode) VALUES ('Hunt, Jason', '346-296-9781', '1691 Laurel St.', 'Hardin', 64035);
INSERT INTO Next_Of_Kin (name, contactTelNo, city, street, postCode) VALUES ('Hayes, Mary', '563-750-5941', '4926 Wilson St.', 'Austin', 78701);
INSERT INTO Next_Of_Kin (name, contactTelNo, city, street, postCode) VALUES ('Young, Emily', '605-254-5710', '1922 Virginia Cir.', 'Brillion', 54110);
INSERT INTO Next_Of_Kin (name, contactTelNo, city, street, postCode) VALUES ('Olson, Samuel', '795-291-2513', '217 Cedar Ln.', 'Buffalo', 29321);
INSERT INTO Next_Of_Kin (name, contactTelNo, city, street, postCode) VALUES ('Reed, Luis', '243-882-6560', '4867 Chestnut Rd.', 'Hometown', 25109);
INSERT INTO Next_Of_Kin (name, contactTelNo, city, street, postCode) VALUES ('Sanders, Landon', '892-946-4681', '2847 Walnut St.', 'Fairport Harbor', 44077);
INSERT INTO Next_Of_Kin (name, contactTelNo, city, street, postCode) VALUES ('Ramirez, Mia', '928-704-5139', '3270 Madison Cir.', 'Sheridan', 72150);
INSERT INTO Next_Of_Kin (name, contactTelNo, city, street, postCode) VALUES ('Fisher, Brady', '855-601-2130', '2354 Walnut Ln.', 'Mad River', 95552);
INSERT INTO Next_Of_Kin (name, contactTelNo, city, street, postCode) VALUES ('Ramirez, Aubrey', '355-779-9375', '4748 Park Ln.', 'Exeter', 62621);
INSERT INTO Next_Of_Kin (name, contactTelNo, city, street, postCode) VALUES ('Hunter, Liam', '709-216-8154', '1794 Maple St.', 'Jekyll Island', 31527);
INSERT INTO Next_Of_Kin (name, contactTelNo, city, street, postCode) VALUES ('Sullivan, Gabriel', '680-212-6011', '2318 Rose Cir.', 'Driscoll', 78351);
INSERT INTO Next_Of_Kin (name, contactTelNo, city, street, postCode) VALUES ('Wagner, Jack', '868-839-2325', '1532 Cedar Ln.', 'Forestville', 95436);
INSERT INTO Next_Of_Kin (name, contactTelNo, city, street, postCode) VALUES ('Woods, Sophie', '476-413-4108', '2180 Virginia St.', 'Madison', 53718);
INSERT INTO Next_Of_Kin (name, contactTelNo, city, street, postCode) VALUES ('Berry, Dylan', '905-514-9911', '45 Woodland Ln.', 'Houston', 77014);
INSERT INTO Next_Of_Kin (name, contactTelNo, city, street, postCode) VALUES ('Kelly, Audrey', '330-300-6108', '1275 Jefferson Cir.', 'Dayton', 45418);
INSERT INTO Next_Of_Kin (name, contactTelNo, city, street, postCode) VALUES ('Duncan, Michael', '320-457-9194', '1423 Wilson St.', 'Royal Lakes', 62685);
INSERT INTO Next_Of_Kin (name, contactTelNo, city, street, postCode) VALUES ('Weaver, Riley', '771-265-4202', '4869 Pine Ln.', 'Hankamer', 77560);
INSERT INTO Next_Of_Kin (name, contactTelNo, city, street, postCode) VALUES ('Richardson, Allison', '731-534-2970', '1371 Sunset Dr.', 'Jonesport', 4649);
INSERT INTO Next_Of_Kin (name, contactTelNo, city, street, postCode) VALUES ('Schmidt, Mackenzie', '401-869-5799', '2749 Maple Rd.', 'New York', 10012);
INSERT INTO Next_Of_Kin (name, contactTelNo, city, street, postCode) VALUES ('Martinez, Justin', '655-899-4771', '4261 Maple Ln.', 'Scandia', 66966);
INSERT INTO Next_Of_Kin (name, contactTelNo, city, street, postCode) VALUES ('Jordan, Sophia', '838-289-3269', '3319 Woodland Ln.', 'Plevna', 63464);
INSERT INTO Next_Of_Kin (name, contactTelNo, city, street, postCode) VALUES ('Wagner, Tristan', '893-730-9383', '931 Virginia Rd.', 'Erie', 16508);
INSERT INTO Next_Of_Kin (name, contactTelNo, city, street, postCode) VALUES ('Dunn, Jason', '940-935-8367', '1404 Sunset Cir.', 'Mill Creek', 26280);
INSERT INTO Next_Of_Kin (name, contactTelNo, city, street, postCode) VALUES ('Butler, Ayden', '689-441-8086', '2957 Jackson St.', 'Harwinton', 6791);



INSERT INTO HAS_NEXT_OF_KIN (name, contactTelNo, bannerNo, relationship) VALUES ('Fox, Savannah', '730-655-4121', 'S181-8331', 'Mother');
INSERT INTO HAS_NEXT_OF_KIN (name, contactTelNo, bannerNo, relationship) VALUES ('Martinez, Jose', '203-831-5018', 'S181-8331', 'Father');
INSERT INTO HAS_NEXT_OF_KIN (name, contactTelNo, bannerNo, relationship) VALUES ('Scott, Emma', '924-370-6579', 'S359-4466', 'Mother');
INSERT INTO HAS_NEXT_OF_KIN (name, contactTelNo, bannerNo, relationship) VALUES ('Weaver, Adrian', '450-458-5184', 'S359-4466', 'Father');
INSERT INTO HAS_NEXT_OF_KIN (name, contactTelNo, bannerNo, relationship) VALUES ('Shaw, Angelina', '631-468-3106', 'S402-5111', 'Mother');
INSERT INTO HAS_NEXT_OF_KIN (name, contactTelNo, bannerNo, relationship) VALUES ('Harris, Henry', '353-845-8414', 'S402-5111', 'Father');
INSERT INTO HAS_NEXT_OF_KIN (name, contactTelNo, bannerNo, relationship) VALUES ('Hamilton, Emma', '944-539-8195', 'S376-8859', 'Parent');
INSERT INTO HAS_NEXT_OF_KIN (name, contactTelNo, bannerNo, relationship) VALUES ('Graham, Melanie', '535-807-2477', 'S978-2729', 'Mother');
INSERT INTO HAS_NEXT_OF_KIN (name, contactTelNo, bannerNo, relationship) VALUES ('Moore, Bryan', '713-629-3164', 'S978-2729', 'Father');
INSERT INTO HAS_NEXT_OF_KIN (name, contactTelNo, bannerNo, relationship) VALUES ('Cunningham, Gabrielle', '633-763-9729', 'S372-6775', 'Parent');
INSERT INTO HAS_NEXT_OF_KIN (name, contactTelNo, bannerNo, relationship) VALUES ('Grant, Caden', '232-608-7574', 'S590-7507', 'Parent');
INSERT INTO HAS_NEXT_OF_KIN (name, contactTelNo, bannerNo, relationship) VALUES ('Hall, Jason', '202-920-4086', 'S359-6615', 'Parent');
INSERT INTO HAS_NEXT_OF_KIN (name, contactTelNo, bannerNo, relationship) VALUES ('Sanders, Mariah', '654-899-6236', 'S455-5028', 'Parent');
INSERT INTO HAS_NEXT_OF_KIN (name, contactTelNo, bannerNo, relationship) VALUES ('Long, Madelyn', '955-416-6773', 'S710-1908', 'Mother');
INSERT INTO HAS_NEXT_OF_KIN (name, contactTelNo, bannerNo, relationship) VALUES ('Arnold, Jason', '492-858-7736', 'S710-1908', 'Father');
INSERT INTO HAS_NEXT_OF_KIN (name, contactTelNo, bannerNo, relationship) VALUES ('James, Victoria', '658-944-7798', 'S793-4202', 'Mother');
INSERT INTO HAS_NEXT_OF_KIN (name, contactTelNo, bannerNo, relationship) VALUES ('Gomez, Kevin', '781-669-4337', 'S793-4202', 'Father');
INSERT INTO HAS_NEXT_OF_KIN (name, contactTelNo, bannerNo, relationship) VALUES ('Powell, Sophie', '367-588-4401', 'S697-1498', 'Mother');
INSERT INTO HAS_NEXT_OF_KIN (name, contactTelNo, bannerNo, relationship) VALUES ('Jordan, Colton', '296-687-5660', 'S697-1498', 'Father');
INSERT INTO HAS_NEXT_OF_KIN (name, contactTelNo, bannerNo, relationship) VALUES ('Harrison, Aaliyah', '287-267-9866', 'S229-1392', 'Mother');
INSERT INTO HAS_NEXT_OF_KIN (name, contactTelNo, bannerNo, relationship) VALUES ('Powell, Luis', '268-785-4542', 'S229-1392', 'Father');
INSERT INTO HAS_NEXT_OF_KIN (name, contactTelNo, bannerNo, relationship) VALUES ('James, William', '704-269-3586', 'S737-8027', 'Parent');
INSERT INTO HAS_NEXT_OF_KIN (name, contactTelNo, bannerNo, relationship) VALUES ('Black, Jose', '238-502-8654', 'S173-9342', 'Parent');
INSERT INTO HAS_NEXT_OF_KIN (name, contactTelNo, bannerNo, relationship) VALUES ('Ramos, Katherine', '405-451-5266', 'S950-5029', 'Parent');
INSERT INTO HAS_NEXT_OF_KIN (name, contactTelNo, bannerNo, relationship) VALUES ('Franklin, Carlos', '514-239-9529', 'S867-8256', 'Parent');
INSERT INTO HAS_NEXT_OF_KIN (name, contactTelNo, bannerNo, relationship) VALUES ('Carter, Makayla', '299-828-8030', 'S860-3308', 'Parent');
INSERT INTO HAS_NEXT_OF_KIN (name, contactTelNo, bannerNo, relationship) VALUES ('Edwards, Maya', '946-431-5737', 'S654-5667', 'Mother');
INSERT INTO HAS_NEXT_OF_KIN (name, contactTelNo, bannerNo, relationship) VALUES ('Lawson, Jason', '886-907-2979', 'S654-5667', 'Father');
INSERT INTO HAS_NEXT_OF_KIN (name, contactTelNo, bannerNo, relationship) VALUES ('Matthews, Savannah', '817-338-9571', 'S218-2230', 'Mother');
INSERT INTO HAS_NEXT_OF_KIN (name, contactTelNo, bannerNo, relationship) VALUES ('Reyes, Aidan', '930-375-9251', 'S218-2230', 'Father');
INSERT INTO HAS_NEXT_OF_KIN (name, contactTelNo, bannerNo, relationship) VALUES ('Morris, Jayden', '263-469-9318', 'S327-2461', 'Parent');
INSERT INTO HAS_NEXT_OF_KIN (name, contactTelNo, bannerNo, relationship) VALUES ('Garcia, Cameron', '798-647-8453', 'S165-8942', 'Parent');
INSERT INTO HAS_NEXT_OF_KIN (name, contactTelNo, bannerNo, relationship) VALUES ('Jones, Brianna', '932-339-2944', 'S272-2074', 'Parent');
INSERT INTO HAS_NEXT_OF_KIN (name, contactTelNo, bannerNo, relationship) VALUES ('Flores, Madison', '940-594-7983', 'S388-9358', 'Parent');
INSERT INTO HAS_NEXT_OF_KIN (name, contactTelNo, bannerNo, relationship) VALUES ('Powell, Aaron', '251-353-8808', 'S282-3399', 'Parent');
INSERT INTO HAS_NEXT_OF_KIN (name, contactTelNo, bannerNo, relationship) VALUES ('Owens, Savannah', '861-921-7431', 'S113-3192', 'Mother');
INSERT INTO HAS_NEXT_OF_KIN (name, contactTelNo, bannerNo, relationship) VALUES ('Murphy, Chase', '846-419-3207', 'S113-3192', 'Father');
INSERT INTO HAS_NEXT_OF_KIN (name, contactTelNo, bannerNo, relationship) VALUES ('Mcdonald, Arianna', '872-222-7415', 'S308-8593', 'Mother');
INSERT INTO HAS_NEXT_OF_KIN (name, contactTelNo, bannerNo, relationship) VALUES ('Henry, Sebastian', '203-769-8660', 'S308-8593', 'Father');
INSERT INTO HAS_NEXT_OF_KIN (name, contactTelNo, bannerNo, relationship) VALUES ('Roberts, Caroline', '984-624-2560', 'S637-5225', 'Parent');
INSERT INTO HAS_NEXT_OF_KIN (name, contactTelNo, bannerNo, relationship) VALUES ('Dixon, Paige', '806-800-6683', 'S371-7621', 'Parent');
INSERT INTO HAS_NEXT_OF_KIN (name, contactTelNo, bannerNo, relationship) VALUES ('Arnold, Brooke', '798-567-7583', 'S412-1101', 'Mother');
INSERT INTO HAS_NEXT_OF_KIN (name, contactTelNo, bannerNo, relationship) VALUES ('Andrews, Carter', '205-601-5978', 'S412-1101', 'Father');
INSERT INTO HAS_NEXT_OF_KIN (name, contactTelNo, bannerNo, relationship) VALUES ('Gutierrez, Arianna', '873-226-4637', 'S580-6625', 'Mother');
INSERT INTO HAS_NEXT_OF_KIN (name, contactTelNo, bannerNo, relationship) VALUES ('Carpenter, Aiden', '642-548-7987', 'S580-6625', 'Father');
INSERT INTO HAS_NEXT_OF_KIN (name, contactTelNo, bannerNo, relationship) VALUES ('Parker, Daniel', '399-354-6785', 'S774-5893', 'Parent');
INSERT INTO HAS_NEXT_OF_KIN (name, contactTelNo, bannerNo, relationship) VALUES ('Sims, Anthony', '324-358-5868', 'S805-2120', 'Parent');
INSERT INTO HAS_NEXT_OF_KIN (name, contactTelNo, bannerNo, relationship) VALUES ('Stevens, Madeline', '493-883-4515', 'S429-5163', 'Mother');
INSERT INTO HAS_NEXT_OF_KIN (name, contactTelNo, bannerNo, relationship) VALUES ('Baker, Evan', '916-987-7720', 'S429-5163', 'Father');
INSERT INTO HAS_NEXT_OF_KIN (name, contactTelNo, bannerNo, relationship) VALUES ('Cole, Andrea', '685-606-9625', 'S490-3093', 'Parent');
INSERT INTO HAS_NEXT_OF_KIN (name, contactTelNo, bannerNo, relationship) VALUES ('Perez, Kylie', '647-301-9028', 'S784-4225', 'Parent');
INSERT INTO HAS_NEXT_OF_KIN (name, contactTelNo, bannerNo, relationship) VALUES ('White, Xavier', '685-866-9835', 'S928-3487', 'Parent');
INSERT INTO HAS_NEXT_OF_KIN (name, contactTelNo, bannerNo, relationship) VALUES ('Perkins, Maria', '338-524-7552', 'S193-4048', 'Mother');
INSERT INTO HAS_NEXT_OF_KIN (name, contactTelNo, bannerNo, relationship) VALUES ('Harris, Cole', '986-287-3185', 'S193-4048', 'Father');
INSERT INTO HAS_NEXT_OF_KIN (name, contactTelNo, bannerNo, relationship) VALUES ('Bailey, Alexis', '309-554-2448', 'S766-9073', 'Mother');
INSERT INTO HAS_NEXT_OF_KIN (name, contactTelNo, bannerNo, relationship) VALUES ('Thomas, Brian', '630-943-8152', 'S766-9073', 'Father');
INSERT INTO HAS_NEXT_OF_KIN (name, contactTelNo, bannerNo, relationship) VALUES ('Howard, Aiden', '486-460-3273', 'S938-8167', 'Parent');
INSERT INTO HAS_NEXT_OF_KIN (name, contactTelNo, bannerNo, relationship) VALUES ('Adams, Julia', '772-978-4470', 'S907-3458', 'Mother');
INSERT INTO HAS_NEXT_OF_KIN (name, contactTelNo, bannerNo, relationship) VALUES ('Mitchell, Jack', '900-316-3245', 'S907-3458', 'Father');
INSERT INTO HAS_NEXT_OF_KIN (name, contactTelNo, bannerNo, relationship) VALUES ('Vasquez, Katherine', '733-740-2889', 'S305-2353', 'Mother');
INSERT INTO HAS_NEXT_OF_KIN (name, contactTelNo, bannerNo, relationship) VALUES ('Elliott, Liam', '732-821-8083', 'S305-2353', 'Father');
INSERT INTO HAS_NEXT_OF_KIN (name, contactTelNo, bannerNo, relationship) VALUES ('Crawford, Samantha', '783-723-9650', 'S705-6923', 'Parent');
INSERT INTO HAS_NEXT_OF_KIN (name, contactTelNo, bannerNo, relationship) VALUES ('Jordan, Jonathan', '304-362-2233', 'S602-7172', 'Parent');
INSERT INTO HAS_NEXT_OF_KIN (name, contactTelNo, bannerNo, relationship) VALUES ('Wells, Michael', '427-963-6598', 'S573-3174', 'Parent');
INSERT INTO HAS_NEXT_OF_KIN (name, contactTelNo, bannerNo, relationship) VALUES ('Pierce, Andrea', '754-645-5897', 'S842-7188', 'Mother');
INSERT INTO HAS_NEXT_OF_KIN (name, contactTelNo, bannerNo, relationship) VALUES ('Stephens, Aiden', '354-955-6344', 'S842-7188', 'Father');
INSERT INTO HAS_NEXT_OF_KIN (name, contactTelNo, bannerNo, relationship) VALUES ('Martinez, Bailey', '460-551-4767', 'S218-6599', 'Parent');
INSERT INTO HAS_NEXT_OF_KIN (name, contactTelNo, bannerNo, relationship) VALUES ('Sims, Chloe', '829-282-6736', 'S336-5987', 'Mother');
INSERT INTO HAS_NEXT_OF_KIN (name, contactTelNo, bannerNo, relationship) VALUES ('Campbell, Ryan', '837-641-7986', 'S336-5987', 'Father');
INSERT INTO HAS_NEXT_OF_KIN (name, contactTelNo, bannerNo, relationship) VALUES ('Pierce, Maria', '399-525-4922', 'S116-8319', 'Parent');
INSERT INTO HAS_NEXT_OF_KIN (name, contactTelNo, bannerNo, relationship) VALUES ('Cunningham, Brandon', '813-298-6294', 'S164-9360', 'Parent');
INSERT INTO HAS_NEXT_OF_KIN (name, contactTelNo, bannerNo, relationship) VALUES ('Palmer, Nevaeh', '893-844-7284', 'S632-3204', 'Parent');
INSERT INTO HAS_NEXT_OF_KIN (name, contactTelNo, bannerNo, relationship) VALUES ('Spencer, Amelia', '553-651-9953', 'S532-1328', 'Mother');
INSERT INTO HAS_NEXT_OF_KIN (name, contactTelNo, bannerNo, relationship) VALUES ('Wright, Jason', '273-922-6057', 'S532-1328', 'Father');
INSERT INTO HAS_NEXT_OF_KIN (name, contactTelNo, bannerNo, relationship) VALUES ('Kelly, Sophia', '636-717-6468', 'S479-7595', 'Mother');
INSERT INTO HAS_NEXT_OF_KIN (name, contactTelNo, bannerNo, relationship) VALUES ('Gutierrez, Caden', '959-866-6003', 'S479-7595', 'Father');
INSERT INTO HAS_NEXT_OF_KIN (name, contactTelNo, bannerNo, relationship) VALUES ('Carr, Valeria', '288-875-9258', 'S307-6097', 'Parent');
INSERT INTO HAS_NEXT_OF_KIN (name, contactTelNo, bannerNo, relationship) VALUES ('Alexander, Jackson', '369-475-3127', 'S215-5374', 'Parent');
INSERT INTO HAS_NEXT_OF_KIN (name, contactTelNo, bannerNo, relationship) VALUES ('Dunn, Gabrielle', '469-681-8569', 'S459-4363', 'Parent');
INSERT INTO HAS_NEXT_OF_KIN (name, contactTelNo, bannerNo, relationship) VALUES ('Robertson, Brooklyn', '291-767-4302', 'S403-2967', 'Mother');
INSERT INTO HAS_NEXT_OF_KIN (name, contactTelNo, bannerNo, relationship) VALUES ('Cunningham, Gabriel', '280-932-3870', 'S403-2967', 'Father');
INSERT INTO HAS_NEXT_OF_KIN (name, contactTelNo, bannerNo, relationship) VALUES ('Scott, Kaylee', '575-215-9937', 'S417-8491', 'Mother');
INSERT INTO HAS_NEXT_OF_KIN (name, contactTelNo, bannerNo, relationship) VALUES ('Holmes, Jayden', '872-222-7528', 'S417-8491', 'Father');
INSERT INTO HAS_NEXT_OF_KIN (name, contactTelNo, bannerNo, relationship) VALUES ('Hamilton, Daniel', '478-918-9193', 'S137-5995', 'Parent');
INSERT INTO HAS_NEXT_OF_KIN (name, contactTelNo, bannerNo, relationship) VALUES ('Weaver, Gracie', '239-853-3256', 'S779-7227', 'Parent');
INSERT INTO HAS_NEXT_OF_KIN (name, contactTelNo, bannerNo, relationship) VALUES ('Torres, Maria', '256-718-9745', 'S988-2883', 'Mother');
INSERT INTO HAS_NEXT_OF_KIN (name, contactTelNo, bannerNo, relationship) VALUES ('Evans, Adrian', '367-997-2750', 'S988-2883', 'Father');
INSERT INTO HAS_NEXT_OF_KIN (name, contactTelNo, bannerNo, relationship) VALUES ('Diaz, Kimberly', '299-773-6420', 'S678-9762', 'Mother');
INSERT INTO HAS_NEXT_OF_KIN (name, contactTelNo, bannerNo, relationship) VALUES ('Nelson, Jeremiah', '406-399-3272', 'S678-9762', 'Father');
INSERT INTO HAS_NEXT_OF_KIN (name, contactTelNo, bannerNo, relationship) VALUES ('Armstrong, Charles', '510-503-2220', 'S291-3106', 'Parent');
INSERT INTO HAS_NEXT_OF_KIN (name, contactTelNo, bannerNo, relationship) VALUES ('Stevens, Vanessa', '458-584-7035', 'S510-3514', 'Mother');
INSERT INTO HAS_NEXT_OF_KIN (name, contactTelNo, bannerNo, relationship) VALUES ('Walker, Caleb', '968-512-8132', 'S510-3514', 'Father');
INSERT INTO HAS_NEXT_OF_KIN (name, contactTelNo, bannerNo, relationship) VALUES ('Holmes, Zoey', '542-608-3265', 'S653-1714', 'Mother');
INSERT INTO HAS_NEXT_OF_KIN (name, contactTelNo, bannerNo, relationship) VALUES ('Lopez, Carter', '566-949-8153', 'S653-1714', 'Father');
INSERT INTO HAS_NEXT_OF_KIN (name, contactTelNo, bannerNo, relationship) VALUES ('Hawkins, Autumn', '983-614-9930', 'S732-8954', 'Parent');
INSERT INTO HAS_NEXT_OF_KIN (name, contactTelNo, bannerNo, relationship) VALUES ('Thomas, Amelia', '787-285-3005', 'S929-4679', 'Parent');
INSERT INTO HAS_NEXT_OF_KIN (name, contactTelNo, bannerNo, relationship) VALUES ('Weaver, Destiny', '624-812-6294', 'S676-2089', 'Parent');
INSERT INTO HAS_NEXT_OF_KIN (name, contactTelNo, bannerNo, relationship) VALUES ('Daniels, Andrea', '289-700-8802', 'S106-7044', 'Mother');
INSERT INTO HAS_NEXT_OF_KIN (name, contactTelNo, bannerNo, relationship) VALUES ('Andrews, Luke', '528-797-4916', 'S106-7044', 'Father');
INSERT INTO HAS_NEXT_OF_KIN (name, contactTelNo, bannerNo, relationship) VALUES ('Wright, Gianna', '538-638-3521', 'S382-6058', 'Parent');
INSERT INTO HAS_NEXT_OF_KIN (name, contactTelNo, bannerNo, relationship) VALUES ('Hunt, Jason', '346-296-9781', 'S350-2984', 'Parent');
INSERT INTO HAS_NEXT_OF_KIN (name, contactTelNo, bannerNo, relationship) VALUES ('Hayes, Mary', '563-750-5941', 'S771-7342', 'Parent');
INSERT INTO HAS_NEXT_OF_KIN (name, contactTelNo, bannerNo, relationship) VALUES ('Young, Emily', '605-254-5710', 'S895-6746', 'Mother');
INSERT INTO HAS_NEXT_OF_KIN (name, contactTelNo, bannerNo, relationship) VALUES ('Olson, Samuel', '795-291-2513', 'S895-6746', 'Father');
INSERT INTO HAS_NEXT_OF_KIN (name, contactTelNo, bannerNo, relationship) VALUES ('Reed, Luis', '243-882-6560', 'S979-1716', 'Parent');
INSERT INTO HAS_NEXT_OF_KIN (name, contactTelNo, bannerNo, relationship) VALUES ('Sanders, Landon', '892-946-4681', 'S425-8573', 'Parent');
INSERT INTO HAS_NEXT_OF_KIN (name, contactTelNo, bannerNo, relationship) VALUES ('Ramirez, Mia', '928-704-5139', 'S268-5440', 'Mother');
INSERT INTO HAS_NEXT_OF_KIN (name, contactTelNo, bannerNo, relationship) VALUES ('Fisher, Brady', '855-601-2130', 'S268-5440', 'Father');
INSERT INTO HAS_NEXT_OF_KIN (name, contactTelNo, bannerNo, relationship) VALUES ('Ramirez, Aubrey', '355-779-9375', 'S566-1443', 'Mother');
INSERT INTO HAS_NEXT_OF_KIN (name, contactTelNo, bannerNo, relationship) VALUES ('Hunter, Liam', '709-216-8154', 'S566-1443', 'Father');
INSERT INTO HAS_NEXT_OF_KIN (name, contactTelNo, bannerNo, relationship) VALUES ('Sullivan, Gabriel', '680-212-6011', 'S402-9592', 'Parent');
INSERT INTO HAS_NEXT_OF_KIN (name, contactTelNo, bannerNo, relationship) VALUES ('Wagner, Jack', '868-839-2325', 'S909-9693', 'Parent');
INSERT INTO HAS_NEXT_OF_KIN (name, contactTelNo, bannerNo, relationship) VALUES ('Woods, Sophie', '476-413-4108', 'S794-9897', 'Parent');
INSERT INTO HAS_NEXT_OF_KIN (name, contactTelNo, bannerNo, relationship) VALUES ('Berry, Dylan', '905-514-9911', 'S687-1462', 'Parent');
INSERT INTO HAS_NEXT_OF_KIN (name, contactTelNo, bannerNo, relationship) VALUES ('Kelly, Audrey', '330-300-6108', 'S397-9604', 'Mother');
INSERT INTO HAS_NEXT_OF_KIN (name, contactTelNo, bannerNo, relationship) VALUES ('Duncan, Michael', '320-457-9194', 'S397-9604', 'Father');
INSERT INTO HAS_NEXT_OF_KIN (name, contactTelNo, bannerNo, relationship) VALUES ('Weaver, Riley', '771-265-4202', 'S672-6838', 'Parent');
INSERT INTO HAS_NEXT_OF_KIN (name, contactTelNo, bannerNo, relationship) VALUES ('Richardson, Allison', '731-534-2970', 'S764-4623', 'Parent');
INSERT INTO HAS_NEXT_OF_KIN (name, contactTelNo, bannerNo, relationship) VALUES ('Schmidt, Mackenzie', '401-869-5799', 'S450-8060', 'Mother');
INSERT INTO HAS_NEXT_OF_KIN (name, contactTelNo, bannerNo, relationship) VALUES ('Martinez, Justin', '655-899-4771', 'S450-8060', 'Father');
INSERT INTO HAS_NEXT_OF_KIN (name, contactTelNo, bannerNo, relationship) VALUES ('Jordan, Sophia', '838-289-3269', 'S255-2803', 'Mother');
INSERT INTO HAS_NEXT_OF_KIN (name, contactTelNo, bannerNo, relationship) VALUES ('Wagner, Tristan', '893-730-9383', 'S255-2803', 'Father');
INSERT INTO HAS_NEXT_OF_KIN (name, contactTelNo, bannerNo, relationship) VALUES ('Dunn, Jason', '940-935-8367', 'S221-7204', 'Parent');
INSERT INTO HAS_NEXT_OF_KIN (name, contactTelNo, bannerNo, relationship) VALUES ('Butler, Ayden', '689-441-8086', 'S410-5778', 'Parent');

-- -----------------------------------------------------------------------------
-- --------------- PORTED STAFF RECORDS --------------
-- -----------------------------------------------------------------------------
INSERT INTO Staff (staffNo, lastName, firstName, dob, gender, street, city, postCode, email, mobilePhone, position, location) VALUES ('R6646','Scott', 'Jennifer', to_date('1946-10-8', 'yyyy-mm-dd'), 'F','4527 Cedar St.', 'Clifton Springs', 14432, 'jms6809@sample.edu', '438-549-9890', 'Janitor', 'Main office');
INSERT INTO Staff (staffNo, lastName, firstName, dob, gender, street, city, postCode, email, mobilePhone, position, location) VALUES ('R2706','James', 'Jessica', to_date('1948-10-2', 'yyyy-mm-dd'), 'F','1111 Washington Dr.', 'Fort Lauderdale', 33315, 'jsj5562@sample.edu', '549-722-8508', 'Janitor', 'Main office');
INSERT INTO Staff (staffNo, lastName, firstName, dob, gender, street, city, postCode, email, mobilePhone, position, location) VALUES ('R5158','Greene', 'Isabelle', to_date('1952-6-21', 'yyyy-mm-dd'), 'F','3408 Highland Rd.', 'Gardiner', 4345, 'ibg5685@sample.edu', '421-739-7139', 'Janitor', 'Satellite office');
INSERT INTO Staff (staffNo, lastName, firstName, dob, gender, street, city, postCode, email, mobilePhone, position, location) VALUES ('R4804','Myers', 'Alexa', to_date('1977-11-22', 'yyyy-mm-dd'), 'F','2543 Adams Dr.', 'Honolulu', 96826, 'aam3372@sample.edu', '663-821-9347', 'Janitor', 'Main office');
INSERT INTO Staff (staffNo, lastName, firstName, dob, gender, street, city, postCode, email, mobilePhone, position, location) VALUES ('R2561','Kennedy', 'Samantha', to_date('1990-7-19', 'yyyy-mm-dd'), 'F','2206 Cedar Ln.', 'Warren', 6754, 'sik8029@sample.edu', '286-595-7420', 'Manager', 'Main office');
INSERT INTO Staff (staffNo, lastName, firstName, dob, gender, street, city, postCode, email, mobilePhone, position, location) VALUES ('R5823','Roberts', 'Arianna', to_date('1941-10-13', 'yyyy-mm-dd'), 'F','1721 Maple Dr.', 'Lower', 99626, 'amr1062@sample.edu', '905-257-2202', 'Janitor', 'Satellite office');
INSERT INTO Staff (staffNo, lastName, firstName, dob, gender, street, city, postCode, email, mobilePhone, position, location) VALUES ('R9833','Hawkins', 'William', to_date('1946-6-15', 'yyyy-mm-dd'), 'M','4225 Linden Ln.', 'Mc Dowell', 24458, 'wjh2060@sample.edu', '597-929-5758', 'Manager', 'Main office');
INSERT INTO Staff (staffNo, lastName, firstName, dob, gender, street, city, postCode, email, mobilePhone, position, location) VALUES ('R2946','Fields', 'Josiah', to_date('1988-10-8', 'yyyy-mm-dd'), 'M','3635 Woodland Rd.', 'Crows Landing', 95313, 'jdf2859@sample.edu', '949-635-2006', 'Janitor', 'Satellite office');
INSERT INTO Staff (staffNo, lastName, firstName, dob, gender, street, city, postCode, email, mobilePhone, position, location) VALUES ('R1581','Holmes', 'Maya', to_date('1946-5-28', 'yyyy-mm-dd'), 'F','1611 Elm Ln.', 'Rochester', 14609, 'mzh9268@sample.edu', '725-889-8440', 'Janitor', 'Main office');
INSERT INTO Staff (staffNo, lastName, firstName, dob, gender, street, city, postCode, email, mobilePhone, position, location) VALUES ('R9183','Johnson', 'Robert', to_date('1941-11-28', 'yyyy-mm-dd'), 'M','802 Jefferson St.', 'Martins Ferry', 43935, 'rjj9311@sample.edu', '891-507-6673', 'Manager', 'Main office');
INSERT INTO Staff (staffNo, lastName, firstName, dob, gender, street, city, postCode, email, mobilePhone, position, location) VALUES ('R3321','Olson', 'Jaden', to_date('1970-5-11', 'yyyy-mm-dd'), 'M','3358 Willow Dr.', 'Columbia', 27925, 'jmo1696@sample.edu', '581-894-2330', 'Janitor', 'Main office');
INSERT INTO Staff (staffNo, lastName, firstName, dob, gender, street, city, postCode, email, mobilePhone, position, location) VALUES ('R6245','Fox', 'Genesis', to_date('1968-8-20', 'yyyy-mm-dd'), 'F','4168 Elm Ln.', 'Stoutsville', 65283, 'gaf7992@sample.edu', '957-793-3264', 'Janitor', 'Main office');
INSERT INTO Staff (staffNo, lastName, firstName, dob, gender, street, city, postCode, email, mobilePhone, position, location) VALUES ('R5027','Cunningham', 'Jose', to_date('1958-1-7', 'yyyy-mm-dd'), 'M','3361 Pine St.', 'Pinckard', 36371, 'jjc7254@sample.edu', '826-724-6518', 'Janitor', 'Main office');
INSERT INTO Staff (staffNo, lastName, firstName, dob, gender, street, city, postCode, email, mobilePhone, position, location) VALUES ('R8130','Owens', 'Julian', to_date('1962-11-19', 'yyyy-mm-dd'), 'M','3966 Elm Dr.', 'Astoria', 11101, 'jro7205@sample.edu', '610-556-9664', 'Janitor', 'Main office');
INSERT INTO Staff (staffNo, lastName, firstName, dob, gender, street, city, postCode, email, mobilePhone, position, location) VALUES ('R1081','Carter', 'Rachel', to_date('1976-1-26', 'yyyy-mm-dd'), 'F','3515 Wilson Rd.', 'Valliant', 74764, 'rac4896@sample.edu', '604-376-9157', 'Janitor', 'Main office');
INSERT INTO Staff (staffNo, lastName, firstName, dob, gender, street, city, postCode, email, mobilePhone, position, location) VALUES ('R1837','Cox', 'Noah', to_date('1968-4-27', 'yyyy-mm-dd'), 'M','236 Park St.', 'Forsan', 79733, 'nbc6797@sample.edu', '794-677-3897', 'Janitor', 'Satellite office');
INSERT INTO Staff (staffNo, lastName, firstName, dob, gender, street, city, postCode, email, mobilePhone, position, location) VALUES ('R3539','Wheeler', 'Aaron', to_date('1958-3-20', 'yyyy-mm-dd'), 'M','2382 Chestnut Ln.', 'Mayetta', 66509, 'alw7596@sample.edu', '768-770-6162', 'Janitor', 'Main office');
INSERT INTO Staff (staffNo, lastName, firstName, dob, gender, street, city, postCode, email, mobilePhone, position, location) VALUES ('R9889','Phillips', 'Michael', to_date('1959-8-16', 'yyyy-mm-dd'), 'M','1219 Willow St.', 'Wells', 56097, 'mjp4502@sample.edu', '393-889-3786', 'Manager', 'Satellite office');