-- -----------------------------------------------------------------------------
-- --------------- PORTED ADVISOR RECORDS --------------
-- -----------------------------------------------------------------------------
INSERT INTO Advisor (email, lastName, firstName, middleName, position, department, extension, room) VALUES ('ahughes@sample.edu', 'Hughes', 'Autin', 'A', 'Advisor', 'CompSci', '1001', '04-101A');
INSERT INTO Advisor (email, lastName, firstName, middleName, position, department, extension, room) VALUES ('hhart@sample.edu', 'Hart', 'Hailey', 'K', 'Advisor', 'CompSci', '2002', '04-102A');
INSERT INTO Advisor (email, lastName, firstName, middleName, position, department, extension, room) VALUES ('baustin@sample.edu', 'Austin', 'Brayden', null, 'Advisor', 'IT', '3003', '04-103A');
INSERT INTO Advisor (email, lastName, firstName, middleName, position, department, extension, room) VALUES ('agonzale@sample.edu', 'Gonzalez', 'Abigail', 'Ava', 'Advisor', 'Acting', '4004', '04-104A');
INSERT INTO Advisor (email, lastName, firstName, middleName, position, department, extension, room) VALUES ('dlopez@sample.edu', 'Lopez', 'Dylan', null, 'Advisor', 'Physics', '5005', '04-105A');
INSERT INTO Advisor (email, lastName, firstName, middleName, position, department, extension, room) VALUES ('ocunning@sample.edu', 'Cunningham', 'Owen', null, 'Advisor', 'LibArts', '6006', '04-106A');

-- -----------------------------------------------------------------------------
-- --------------- PORTED STUDENT RECORDS --------------
-- -----------------------------------------------------------------------------
INSERT INTO Student (bannerNo, lastName, firstName, middleName, dob, gender, street, city, postCode, email, mobilePhone, major, minor, category, nationality, advisorEmail) VALUES ('S181-8331','Warren', 'Nathaniel', 'B', to_date('1969-6-27', 'yyyy-mm-dd'), 'M','2035 Madison Cir.', 'Akiak', 99552, 'nbw5824@sample.edu', '820-665-3606', 'CompSci', 'IT', 'Undergrad', 'US', 'hhart@sample.edu');
INSERT INTO Student (bannerNo, lastName, firstName, middleName, dob, gender, street, city, postCode, email, mobilePhone, major, minor, category, nationality, advisorEmail) VALUES ('S359-4466','Harrison', 'Sofia', 'P', to_date('1953-12-26', 'yyyy-mm-dd'), 'F','4417 Oak Dr.', 'San Ysidro', 92173, 'sph5250@sample.edu', '996-449-8590', 'IT', 'LibArts', 'Postgrad', 'US', 'baustin@sample.edu');
INSERT INTO Student (bannerNo, lastName, firstName, middleName, dob, gender, street, city, postCode, email, mobilePhone, major, minor, category, nationality, advisorEmail) VALUES ('S402-5111','Diaz', 'Natalie', 'Abigail', to_date('1963-12-27', 'yyyy-mm-dd'), 'F','2642 Walnut Ln.', 'Amarillo', 79107, 'nad9466@sample.edu', '772-759-8753', 'LibArts', 'Physics', 'Grad', 'US', 'ocunning@sample.edu');
INSERT INTO Student (bannerNo, lastName, firstName, middleName, dob, gender, street, city, postCode, email, mobilePhone, major, minor, category, nationality, advisorEmail) VALUES ('S376-8859','Kennedy', 'Destiny', 'J', to_date('1955-12-3', 'yyyy-mm-dd'), 'F','1258 Madison Dr.', 'Freehold', 12431, 'djk4479@sample.edu', '238-213-7407', 'CompSci', 'IT', 'Postgrad', 'US', 'hhart@sample.edu');
INSERT INTO Student (bannerNo, lastName, firstName, middleName, dob, gender, street, city, postCode, email, mobilePhone, major, minor, category, nationality, advisorEmail) VALUES ('S978-2729','Allen', 'Sydney', 'Peyton', to_date('1948-4-6', 'yyyy-mm-dd'), 'F','1390 Adams Dr.', 'Fort Payne', 35968, 'spa7084@sample.edu', '269-312-8640', 'IT', 'Physics', 'Grad', 'US', 'baustin@sample.edu');
INSERT INTO Student (bannerNo, lastName, firstName, middleName, dob, gender, street, city, postCode, email, mobilePhone, major, minor, category, nationality, advisorEmail) VALUES ('S372-6775','Scott', 'Isabelle', 'B', to_date('1947-9-4', 'yyyy-mm-dd'), 'F','2005 Chestnut St.', 'West Columbia', 29172, 'ibs1039@sample.edu', '238-608-7889', 'LibArts', 'Acting', 'Undergrad', 'US', 'ocunning@sample.edu');
INSERT INTO Student (bannerNo, lastName, firstName, middleName, dob, gender, street, city, postCode, email, mobilePhone, major, minor, category, nationality, advisorEmail) VALUES ('S590-7507','Gutierrez', 'Brady', 'Cole', to_date('1988-10-20', 'yyyy-mm-dd'), 'M','3704 Pine Dr.', 'Sierra Vista', 85635, 'bcg4660@sample.edu', '651-563-6164', 'LibArts', 'Acting', 'Grad', 'US', 'ocunning@sample.edu');
INSERT INTO Student (bannerNo, lastName, firstName, middleName, dob, gender, street, city, postCode, email, mobilePhone, major, minor, category, nationality, advisorEmail) VALUES ('S359-6615','Thompson', 'Chloe', 'M', to_date('1989-3-4', 'yyyy-mm-dd'), 'F','3720 Jackson Ln.', 'Scituate', 2066, 'cmt2383@sample.edu', '912-606-7905', 'CompSci', 'LibArts', 'Grad', 'US', 'hhart@sample.edu');
INSERT INTO Student (bannerNo, lastName, firstName, middleName, dob, gender, street, city, postCode, email, mobilePhone, major, minor, category, nationality, advisorEmail) VALUES ('S455-5028','Rivera', 'Camila', 'A', to_date('1969-10-23', 'yyyy-mm-dd'), 'F','890 Woodland Ln.', 'Wimbledon', 58492, 'car5665@sample.edu', '491-778-4677', 'CompSci', 'IT', 'Grad', 'US', 'hhart@sample.edu');
INSERT INTO Student (bannerNo, lastName, firstName, middleName, dob, gender, street, city, postCode, email, mobilePhone, major, minor, category, nationality, advisorEmail) VALUES ('S710-1908','Hunt', 'Alexis', 'Camila', to_date('1978-4-21', 'yyyy-mm-dd'), 'F','769 Cedar Dr.', 'Mount Judea', 72655, 'ach5413@sample.edu', '466-674-4355', 'IT', 'Physics', 'Undergrad', 'US', 'baustin@sample.edu');
INSERT INTO Student (bannerNo, lastName, firstName, middleName, dob, gender, street, city, postCode, email, mobilePhone, major, minor, category, nationality, advisorEmail) VALUES ('S793-4202','Burns', 'Mackenzie', 'E', to_date('1959-12-9', 'yyyy-mm-dd'), 'F','2168 Cherry Ln.', 'Wakpala', 57658, 'meb4968@sample.edu', '314-572-8093', 'Physics', 'Acting', 'Grad', 'US', 'dlopez@sample.edu');
INSERT INTO Student (bannerNo, lastName, firstName, middleName, dob, gender, street, city, postCode, email, mobilePhone, major, minor, category, nationality, advisorEmail) VALUES ('S676-9047','Holmes', 'Samantha', 'B', to_date('1982-10-8', 'yyyy-mm-dd'), 'F','4802 Pine St.', 'Monticello', 31064, 'sbh7991@sample.edu', '312-922-4125', 'CompSci', 'Physics', 'Undergrad', 'US', 'hhart@sample.edu');
INSERT INTO Student (bannerNo, lastName, firstName, middleName, dob, gender, street, city, postCode, email, mobilePhone, major, minor, category, nationality, advisorEmail) VALUES ('S697-1498','Turner', 'Eric', 'B', to_date('1959-8-11', 'yyyy-mm-dd'), 'M','3008 Elm St.', 'West Chester', 45069, 'ebt6660@sample.edu', '883-353-8083', 'Physics', 'Acting', 'Undergrad', 'US', 'dlopez@sample.edu');
INSERT INTO Student (bannerNo, lastName, firstName, middleName, dob, gender, street, city, postCode, email, mobilePhone, major, minor, category, nationality, advisorEmail) VALUES ('S301-4217','Carter', 'Rachel', 'Lauren', to_date('1972-1-7', 'yyyy-mm-dd'), 'F','2750 Willow Dr.', 'Amalia', 87512, 'rlc9327@sample.edu', '460-289-9974', 'CompSci', 'IT', 'Undergrad', 'US', 'hhart@sample.edu');
INSERT INTO Student (bannerNo, lastName, firstName, middleName, dob, gender, street, city, postCode, email, mobilePhone, major, minor, category, nationality, advisorEmail) VALUES ('S229-1392','Baker', 'Hailey', 'Madelyn', to_date('1955-7-25', 'yyyy-mm-dd'), 'F','4763 Park Ln.', 'Chicago', 60612, 'hmb5065@sample.edu', '973-817-3986', 'Physics', 'Acting', 'Undergrad', 'US', 'dlopez@sample.edu');
INSERT INTO Student (bannerNo, lastName, firstName, middleName, dob, gender, street, city, postCode, email, mobilePhone, major, minor, category, nationality, advisorEmail) VALUES ('S737-8027','Fox', 'Jennifer', 'Lillian', to_date('1945-9-23', 'yyyy-mm-dd'), 'F','2116 Adams Rd.', 'Annapolis', 63620, 'jlf9714@sample.edu', '786-664-3733', 'Acting', 'Physics', 'Postgrad', 'US', 'agonzale@sample.edu');
INSERT INTO Student (bannerNo, lastName, firstName, middleName, dob, gender, street, city, postCode, email, mobilePhone, major, minor, category, nationality, advisorEmail) VALUES ('S173-9342','Coleman', 'Brooklyn', 'A', to_date('1990-3-23', 'yyyy-mm-dd'), 'F','4892 Lincoln Cir.', 'Friendship', 38034, 'bac3898@sample.edu', '835-731-2024', 'LibArts', 'IT', 'Grad', 'US', 'ocunning@sample.edu');
INSERT INTO Student (bannerNo, lastName, firstName, middleName, dob, gender, street, city, postCode, email, mobilePhone, major, minor, category, nationality, advisorEmail) VALUES ('S950-5029','Holmes', 'Chloe', 'Claire', to_date('1950-5-7', 'yyyy-mm-dd'), 'F','2369 Lincoln Cir.', 'Benoit', 38725, 'cch4532@sample.edu', '453-475-6193', 'CompSci', 'IT', 'Undergrad', 'US', 'hhart@sample.edu');
INSERT INTO Student (bannerNo, lastName, firstName, middleName, dob, gender, street, city, postCode, email, mobilePhone, major, minor, category, nationality, advisorEmail) VALUES ('S867-8256','Chavez', 'Allison', 'Valeria', to_date('1956-4-3', 'yyyy-mm-dd'), 'F','3309 Jefferson Dr.', 'Pensacola', 32514, 'avc9568@sample.edu', '279-495-5857', 'LibArts', 'Physics', 'Postgrad', 'US', 'ocunning@sample.edu');
INSERT INTO Student (bannerNo, lastName, firstName, middleName, dob, gender, street, city, postCode, email, mobilePhone, major, minor, category, nationality, advisorEmail) VALUES ('S860-3308','Carter', 'Zachary', 'E', to_date('1975-5-24', 'yyyy-mm-dd'), 'M','4480 Cherry Cir.', 'Missouri City', 77489, 'zec2731@sample.edu', '803-852-8760', 'LibArts', 'CompSci', 'Undergrad', 'US', 'ocunning@sample.edu');
INSERT INTO Student (bannerNo, lastName, firstName, middleName, dob, gender, street, city, postCode, email, mobilePhone, major, minor, category, nationality, advisorEmail) VALUES ('S654-5667','Sims', 'Elizabeth', 'S', to_date('1973-12-2', 'yyyy-mm-dd'), 'F','4039 Walnut Cir.', 'Brooks', 30205, 'ess5774@sample.edu', '214-298-3849', 'CompSci', 'Physics', 'Undergrad', 'US', 'hhart@sample.edu');
INSERT INTO Student (bannerNo, lastName, firstName, middleName, dob, gender, street, city, postCode, email, mobilePhone, major, minor, category, nationality, advisorEmail) VALUES ('S218-2230','Garcia', 'Andrew', 'Sebastian', to_date('1960-5-6', 'yyyy-mm-dd'), 'M','4707 Virginia St.', 'Bronx', 10470, 'asg2176@sample.edu', '912-638-9258', 'Acting', 'IT', 'Grad', 'US', 'agonzale@sample.edu');
INSERT INTO Student (bannerNo, lastName, firstName, middleName, dob, gender, street, city, postCode, email, mobilePhone, major, minor, category, nationality, advisorEmail) VALUES ('S327-2461','Stone', 'Sara', 'A', to_date('1959-1-23', 'yyyy-mm-dd'), 'F','4160 Chestnut Cir.', 'Middleburg', 43336, 'sas6780@sample.edu', '472-817-7538', 'Physics', 'LibArts', 'Undergrad', 'US', 'dlopez@sample.edu');
INSERT INTO Student (bannerNo, lastName, firstName, middleName, dob, gender, street, city, postCode, email, mobilePhone, major, minor, category, nationality, advisorEmail) VALUES ('S165-8942','Smith', 'Hunter', 'Aaron', to_date('1968-2-24', 'yyyy-mm-dd'), 'M','3480 Linden Rd.', 'New Haven', 25265, 'has6472@sample.edu', '715-303-2648', 'Acting', 'LibArts', 'Undergrad', 'US', 'agonzale@sample.edu');
INSERT INTO Student (bannerNo, lastName, firstName, middleName, dob, gender, street, city, postCode, email, mobilePhone, major, minor, category, nationality, advisorEmail) VALUES ('S272-2074','Gonzalez', 'Savannah', 'A', to_date('1975-7-8', 'yyyy-mm-dd'), 'F','2180 Madison Rd.', 'Lakeland', 33803, 'sag4151@sample.edu', '822-424-4275', 'IT', 'CompSci', 'Postgrad', 'US', 'baustin@sample.edu');
INSERT INTO Student (bannerNo, lastName, firstName, middleName, dob, gender, street, city, postCode, email, mobilePhone, major, minor, category, nationality, advisorEmail) VALUES ('S388-9358','Brown', 'Jackson', 'N', to_date('1960-3-6', 'yyyy-mm-dd'), 'M','2950 Cedar Dr.', 'New Troy', 49119, 'jnb8144@sample.edu', '491-931-8356', 'Acting', 'Physics', 'Postgrad', 'US', 'agonzale@sample.edu');
INSERT INTO Student (bannerNo, lastName, firstName, middleName, dob, gender, street, city, postCode, email, mobilePhone, major, minor, category, nationality, advisorEmail) VALUES ('S282-3399','Peterson', 'Jaden', 'K', to_date('1990-12-4', 'yyyy-mm-dd'), 'M','2134 Willow Ln.', 'Springfield', 72157, 'jkp7514@sample.edu', '336-727-7734', 'Physics', 'LibArts', 'Postgrad', 'US', 'dlopez@sample.edu');
INSERT INTO Student (bannerNo, lastName, firstName, middleName, dob, gender, street, city, postCode, email, mobilePhone, major, minor, category, nationality, advisorEmail) VALUES ('S113-3192','Stone', 'James', 'C', to_date('1988-3-20', 'yyyy-mm-dd'), 'M','3215 Willow Cir.', 'Glenpool', 74033, 'jcs3053@sample.edu', '604-854-9940', 'CompSci', 'IT', 'Grad', 'US', 'hhart@sample.edu');
INSERT INTO Student (bannerNo, lastName, firstName, middleName, dob, gender, street, city, postCode, email, mobilePhone, major, minor, category, nationality, advisorEmail) VALUES ('S308-8593','Rice', 'Diego', 'E', to_date('1971-11-19', 'yyyy-mm-dd'), 'M','2117 Jackson Ln.', 'Santa Barbara', 93105, 'der9210@sample.edu', '215-581-2233', 'IT', 'Physics', 'Undergrad', 'US', 'baustin@sample.edu');
INSERT INTO Student (bannerNo, lastName, firstName, middleName, dob, gender, street, city, postCode, email, mobilePhone, major, minor, category, nationality, advisorEmail) VALUES ('S637-5225','Butler', 'Adam', 'T', to_date('1976-3-18', 'yyyy-mm-dd'), 'M','3918 Madison Cir.', 'Winter Haven', 33881, 'atb5317@sample.edu', '435-963-4600', 'LibArts', 'IT', 'Undergrad', 'US', 'ocunning@sample.edu');
INSERT INTO Student (bannerNo, lastName, firstName, middleName, dob, gender, street, city, postCode, email, mobilePhone, major, minor, category, nationality, advisorEmail) VALUES ('S371-7621','Fox', 'Ella', 'Camila', to_date('1946-7-10', 'yyyy-mm-dd'), 'F','4050 Highland Cir.', 'Wheatley', 72392, 'ecf4956@sample.edu', '463-862-2780', 'Acting', 'LibArts', 'Undergrad', 'US', 'agonzale@sample.edu');
INSERT INTO Student (bannerNo, lastName, firstName, middleName, dob, gender, street, city, postCode, email, mobilePhone, major, minor, category, nationality, advisorEmail) VALUES ('S412-1101','Perkins', 'Melanie', 'Sophie', to_date('1951-10-20', 'yyyy-mm-dd'), 'F','4032 Oak Ln.', 'Oakland', 94606, 'msp3669@sample.edu', '465-462-3210', 'IT', 'LibArts', 'Undergrad', 'US', 'baustin@sample.edu');
INSERT INTO Student (bannerNo, lastName, firstName, middleName, dob, gender, street, city, postCode, email, mobilePhone, major, minor, category, nationality, advisorEmail) VALUES ('S580-6625','Williams', 'Nevaeh', 'Brooke', to_date('1991-9-7', 'yyyy-mm-dd'), 'F','4678 Chestnut St.', 'Wolford', 58385, 'nbw1288@sample.edu', '307-884-5373', 'Physics', 'Acting', 'Grad', 'US', 'dlopez@sample.edu');
INSERT INTO Student (bannerNo, lastName, firstName, middleName, dob, gender, street, city, postCode, email, mobilePhone, major, minor, category, nationality, advisorEmail) VALUES ('S774-5893','Carr', 'Melanie', 'A', to_date('1968-3-7', 'yyyy-mm-dd'), 'F','1652 Willow Cir.', 'Burlington', 6013, 'mac8196@sample.edu', '481-620-5213', 'LibArts', 'Physics', 'Postgrad', 'US', 'ocunning@sample.edu');
INSERT INTO Student (bannerNo, lastName, firstName, middleName, dob, gender, street, city, postCode, email, mobilePhone, major, minor, category, nationality, advisorEmail) VALUES ('S805-2120','Kelley', 'Cole', 'B', to_date('1989-5-26', 'yyyy-mm-dd'), 'M','230 Maple Ln.', 'Oreland', 19075, 'cbk1186@sample.edu', '610-600-7255', 'Physics', 'Acting', 'Undergrad', 'US', 'dlopez@sample.edu');
INSERT INTO Student (bannerNo, lastName, firstName, middleName, dob, gender, street, city, postCode, email, mobilePhone, major, minor, category, nationality, advisorEmail) VALUES ('S429-5163','Gardner', 'Mackenzie', 'Megan', to_date('1980-11-9', 'yyyy-mm-dd'), 'F','4141 Maple Ln.', 'Eastborough', 67207, 'mmg3837@sample.edu', '641-462-2447', 'CompSci', 'IT', 'Undergrad', 'US', 'hhart@sample.edu');
INSERT INTO Student (bannerNo, lastName, firstName, middleName, dob, gender, street, city, postCode, email, mobilePhone, major, minor, category, nationality, advisorEmail) VALUES ('S463-3435','Reed', 'Robert', 'Caleb', to_date('1971-6-16', 'yyyy-mm-dd'), 'M','1544 Woodland Cir.', 'Mont Alto', 17237, 'rcr6202@sample.edu', '547-215-6534', 'Acting', 'IT', 'Grad', 'US', 'agonzale@sample.edu');
INSERT INTO Student (bannerNo, lastName, firstName, middleName, dob, gender, street, city, postCode, email, mobilePhone, major, minor, category, nationality, advisorEmail) VALUES ('S803-7183','Richardson', 'Ethan', 'G', to_date('1980-9-19', 'yyyy-mm-dd'), 'M','524 Elm Dr.', 'Fortine', 59918, 'egr2309@sample.edu', '624-352-3680', 'CompSci', 'Acting', 'Postgrad', 'US', 'hhart@sample.edu');
INSERT INTO Student (bannerNo, lastName, firstName, middleName, dob, gender, street, city, postCode, email, mobilePhone, major, minor, category, nationality, advisorEmail) VALUES ('S490-3093','Perry', 'Madeline', 'K', to_date('1940-10-10', 'yyyy-mm-dd'), 'F','2965 Jackson Ln.', 'Varina', 50593, 'mkp3508@sample.edu', '970-646-4214', 'IT', 'CompSci', 'Undergrad', 'US', 'baustin@sample.edu');
INSERT INTO Student (bannerNo, lastName, firstName, middleName, dob, gender, street, city, postCode, email, mobilePhone, major, minor, category, nationality, advisorEmail) VALUES ('S784-4225','Sims', 'Makayla', 'J', to_date('1981-1-8', 'yyyy-mm-dd'), 'F','3096 Lincoln St.', 'Woolwich', 4579, 'mjs1082@sample.edu', '279-444-5407', 'LibArts', 'CompSci', 'Undergrad', 'US', 'ocunning@sample.edu');
INSERT INTO Student (bannerNo, lastName, firstName, middleName, dob, gender, street, city, postCode, email, mobilePhone, major, minor, category, nationality, advisorEmail) VALUES ('S928-3487','Morgan', 'Sydney', 'R', to_date('1969-8-1', 'yyyy-mm-dd'), 'F','647 Walnut Rd.', 'Wetmore', 81253, 'srm3295@sample.edu', '532-807-4985', 'IT', 'LibArts', 'Undergrad', 'US', 'baustin@sample.edu');
INSERT INTO Student (bannerNo, lastName, firstName, middleName, dob, gender, street, city, postCode, email, mobilePhone, major, minor, category, nationality, advisorEmail) VALUES ('S193-4048','Gray', 'Kaden', 'A', to_date('1976-6-10', 'yyyy-mm-dd'), 'M','2607 Wilson Cir.', 'Wolverton', 56594, 'kag3862@sample.edu', '295-502-4744', 'IT', 'Physics', 'Grad', 'US', 'baustin@sample.edu');
INSERT INTO Student (bannerNo, lastName, firstName, middleName, dob, gender, street, city, postCode, email, mobilePhone, major, minor, category, nationality, advisorEmail) VALUES ('S766-9073','Johnson', 'Jacob', 'A', to_date('1947-11-18', 'yyyy-mm-dd'), 'M','1714 Park Dr.', 'Risingsun', 43457, 'jaj6040@sample.edu', '312-670-7562', 'LibArts', 'Physics', 'Postgrad', 'US', 'ocunning@sample.edu');
INSERT INTO Student (bannerNo, lastName, firstName, middleName, dob, gender, street, city, postCode, email, mobilePhone, major, minor, category, nationality, advisorEmail) VALUES ('S938-8167','Evans', 'Caleb', 'Brandon', to_date('1974-1-11', 'yyyy-mm-dd'), 'M','2852 Wilson Cir.', 'Lime Springs', 52155, 'cbe8109@sample.edu', '502-729-8411', 'LibArts', 'Acting', 'Undergrad', 'US', 'ocunning@sample.edu');
INSERT INTO Student (bannerNo, lastName, firstName, middleName, dob, gender, street, city, postCode, email, mobilePhone, major, minor, category, nationality, advisorEmail) VALUES ('S907-3458','Brooks', 'Jordan', 'Bryan', to_date('1945-12-26', 'yyyy-mm-dd'), 'M','356 Oak Cir.', 'Walstonburg', 27888, 'jbb5068@sample.edu', '503-481-9515', 'Physics', 'IT', 'Undergrad', 'US', 'dlopez@sample.edu');
INSERT INTO Student (bannerNo, lastName, firstName, middleName, dob, gender, street, city, postCode, email, mobilePhone, major, minor, category, nationality, advisorEmail) VALUES ('S305-2353','Simpson', 'Anna', 'Anna', to_date('1942-4-5', 'yyyy-mm-dd'), 'F','3697 Adams Cir.', 'Blowing Rock', 28605, 'aas7677@sample.edu', '512-763-6567', 'Acting', 'LibArts', 'Undergrad', 'US', 'agonzale@sample.edu');
INSERT INTO Student (bannerNo, lastName, firstName, middleName, dob, gender, street, city, postCode, email, mobilePhone, major, minor, category, nationality, advisorEmail) VALUES ('S705-6923','Davis', 'Liam', 'D', to_date('1974-2-4', 'yyyy-mm-dd'), 'M','574 Jefferson Cir.', 'Eastabuchie', 39436, 'ldd1437@sample.edu', '741-612-4625', 'Acting', 'IT', 'Undergrad', 'US', 'agonzale@sample.edu');
INSERT INTO Student (bannerNo, lastName, firstName, middleName, dob, gender, street, city, postCode, email, mobilePhone, major, minor, category, nationality, advisorEmail) VALUES ('S602-7172','Peters', 'Maria', 'A', to_date('1969-8-28', 'yyyy-mm-dd'), 'F','35 Laurel Ln.', 'Hewitt', 56453, 'map6736@sample.edu', '685-734-6884', 'CompSci', 'Acting', 'Postgrad', 'US', 'hhart@sample.edu');
INSERT INTO Student (bannerNo, lastName, firstName, middleName, dob, gender, street, city, postCode, email, mobilePhone, major, minor, category, nationality, advisorEmail) VALUES ('S573-3174','Powell', 'Riley', 'I', to_date('1959-6-4', 'yyyy-mm-dd'), 'F','442 Laurel Ln.', 'Chattanooga', 37405, 'rip1955@sample.edu', '708-387-9893', 'IT', 'CompSci', 'Undergrad', 'US', 'baustin@sample.edu');
INSERT INTO Student (bannerNo, lastName, firstName, middleName, dob, gender, street, city, postCode, email, mobilePhone, major, minor, category, nationality, advisorEmail) VALUES ('S842-7188','Foster', 'Faith', 'Evelyn', to_date('1949-3-1', 'yyyy-mm-dd'), 'F','4267 Cherry St.', 'Holland', 43528, 'fef7066@sample.edu', '671-611-6397', 'LibArts', 'IT', 'Grad', 'US', 'ocunning@sample.edu');
INSERT INTO Student (bannerNo, lastName, firstName, middleName, dob, gender, street, city, postCode, email, mobilePhone, major, minor, category, nationality, advisorEmail) VALUES ('S944-8489','Foster', 'Payton', 'E', to_date('1960-4-5', 'yyyy-mm-dd'), 'F','4780 Franklin Rd.', 'New Athens', 62264, 'pef9403@sample.edu', '762-861-6541', 'CompSci', 'LibArts', 'Grad', 'US', 'hhart@sample.edu');
INSERT INTO Student (bannerNo, lastName, firstName, middleName, dob, gender, street, city, postCode, email, mobilePhone, major, minor, category, nationality, advisorEmail) VALUES ('S218-6599','Graham', 'Cole', 'Eric', to_date('1953-2-26', 'yyyy-mm-dd'), 'M','3193 Franklin St.', 'Lancaster', 63548, 'ceg3115@sample.edu', '606-257-9119', 'IT', 'CompSci', 'Grad', 'US', 'baustin@sample.edu');
INSERT INTO Student (bannerNo, lastName, firstName, middleName, dob, gender, street, city, postCode, email, mobilePhone, major, minor, category, nationality, advisorEmail) VALUES ('S703-7457','Harper', 'Noah', 'Ayden', to_date('1946-5-28', 'yyyy-mm-dd'), 'M','3404 Chestnut Dr.', 'Pueblo', 81004, 'nah7143@sample.edu', '446-392-7934', 'Physics', 'Acting', 'Undergrad', 'US', 'dlopez@sample.edu');
INSERT INTO Student (bannerNo, lastName, firstName, middleName, dob, gender, street, city, postCode, email, mobilePhone, major, minor, category, nationality, advisorEmail) VALUES ('S336-5987','Miller', 'Arianna', 'Trinity', to_date('1978-7-10', 'yyyy-mm-dd'), 'F','1161 Highland Ln.', 'Montezuma', 47862, 'atm8274@sample.edu', '285-509-3976', 'LibArts', 'Physics', 'Grad', 'US', 'ocunning@sample.edu');
INSERT INTO Student (bannerNo, lastName, firstName, middleName, dob, gender, street, city, postCode, email, mobilePhone, major, minor, category, nationality, advisorEmail) VALUES ('S116-8319','Ross', 'Andrew', 'Matthew', to_date('1992-12-12', 'yyyy-mm-dd'), 'M','192 Sunset Rd.', 'Salem', 97306, 'amr7742@sample.edu', '374-804-2941', 'LibArts', 'IT', 'Grad', 'US', 'ocunning@sample.edu');
INSERT INTO Student (bannerNo, lastName, firstName, middleName, dob, gender, street, city, postCode, email, mobilePhone, major, minor, category, nationality, advisorEmail) VALUES ('S774-2688','Watson', 'Mariah', 'Elizabeth', to_date('1956-7-26', 'yyyy-mm-dd'), 'F','887 Woodland Cir.', 'Hammett', 83627, 'mew7791@sample.edu', '736-241-6629', 'CompSci', 'Acting', 'Undergrad', 'US', 'hhart@sample.edu');
INSERT INTO Student (bannerNo, lastName, firstName, middleName, dob, gender, street, city, postCode, email, mobilePhone, major, minor, category, nationality, advisorEmail) VALUES ('S164-9360','Stone', 'Sarah', 'Lily', to_date('1955-12-20', 'yyyy-mm-dd'), 'F','3252 Willow Dr.', 'Mc Connellsburg', 17233, 'sls4810@sample.edu', '650-721-5504', 'IT', 'Acting', 'Grad', 'US', 'baustin@sample.edu');
INSERT INTO Student (bannerNo, lastName, firstName, middleName, dob, gender, street, city, postCode, email, mobilePhone, major, minor, category, nationality, advisorEmail) VALUES ('S632-3204','Wilson', 'Xavier', 'Benjamin', to_date('1980-12-5', 'yyyy-mm-dd'), 'M','1932 Washington Dr.', 'Chicopee', 1013, 'xbw9595@sample.edu', '296-447-3461', 'Physics', 'Acting', 'Undergrad', 'US', 'dlopez@sample.edu');
INSERT INTO Student (bannerNo, lastName, firstName, middleName, dob, gender, street, city, postCode, email, mobilePhone, major, minor, category, nationality, advisorEmail) VALUES ('S532-1328','Myers', 'Ian', 'Andrew', to_date('1953-6-4', 'yyyy-mm-dd'), 'M','2459 Jackson Dr.', 'Eleanor', 25070, 'iam8268@sample.edu', '284-891-4825', 'IT', 'LibArts', 'Undergrad', 'US', 'baustin@sample.edu');
INSERT INTO Student (bannerNo, lastName, firstName, middleName, dob, gender, street, city, postCode, email, mobilePhone, major, minor, category, nationality, advisorEmail) VALUES ('S479-7595','Perry', 'Charlotte', 'V', to_date('1959-5-22', 'yyyy-mm-dd'), 'F','536 Washington St.', 'Brinkhaven', 43006, 'cvp5985@sample.edu', '966-841-7556', 'IT', 'Acting', 'Postgrad', 'US', 'baustin@sample.edu');
INSERT INTO Student (bannerNo, lastName, firstName, middleName, dob, gender, street, city, postCode, email, mobilePhone, major, minor, category, nationality, advisorEmail) VALUES ('S307-6097','Fisher', 'Joshua', 'B', to_date('1977-4-26', 'yyyy-mm-dd'), 'M','564 Oak Ln.', 'Sturtevant', 53177, 'jbf5118@sample.edu', '880-818-4154', 'IT', 'LibArts', 'Undergrad', 'US', 'baustin@sample.edu');
INSERT INTO Student (bannerNo, lastName, firstName, middleName, dob, gender, street, city, postCode, email, mobilePhone, major, minor, category, nationality, advisorEmail) VALUES ('S215-5374','Bryant', 'Connor', 'Tristan', to_date('1946-10-26', 'yyyy-mm-dd'), 'M','2951 Highland St.', 'Akiak', 99552, 'ctb4350@sample.edu', '864-586-7090', 'IT', 'Acting', 'Grad', 'US', 'baustin@sample.edu');
INSERT INTO Student (bannerNo, lastName, firstName, middleName, dob, gender, street, city, postCode, email, mobilePhone, major, minor, category, nationality, advisorEmail) VALUES ('S459-4363','Hawkins', 'Charlotte', 'Addison', to_date('1988-9-21', 'yyyy-mm-dd'), 'F','2351 Woodland Rd.', 'Valders', 54245, 'cah3815@sample.edu', '929-845-7623', 'Physics', 'IT', 'Grad', 'US', 'dlopez@sample.edu');
INSERT INTO Student (bannerNo, lastName, firstName, middleName, dob, gender, street, city, postCode, email, mobilePhone, major, minor, category, nationality, advisorEmail) VALUES ('S403-2967','Riley', 'Adam', 'Jose', to_date('1956-9-10', 'yyyy-mm-dd'), 'M','31 Sunset Dr.', 'Hornbrook', 96044, 'ajr5019@sample.edu', '391-824-3792', 'LibArts', 'IT', 'Grad', 'US', 'ocunning@sample.edu');
INSERT INTO Student (bannerNo, lastName, firstName, middleName, dob, gender, street, city, postCode, email, mobilePhone, major, minor, category, nationality, advisorEmail) VALUES ('S417-8491','Hicks', 'Sarah', 'Gabriella', to_date('1991-5-14', 'yyyy-mm-dd'), 'F','2168 Rose St.', 'Medicine Lodge', 67104, 'sgh7156@sample.edu', '498-486-8937', 'IT', 'Physics', 'Postgrad', 'US', 'baustin@sample.edu');
INSERT INTO Student (bannerNo, lastName, firstName, middleName, dob, gender, street, city, postCode, email, mobilePhone, major, minor, category, nationality, advisorEmail) VALUES ('S137-5995','Walker', 'Rachel', 'P', to_date('1957-7-7', 'yyyy-mm-dd'), 'F','1246 Washington Rd.', 'Oscoda', 48750, 'rpw7002@sample.edu', '810-401-3715', 'Acting', 'LibArts', 'Grad', 'US', 'agonzale@sample.edu');
INSERT INTO Student (bannerNo, lastName, firstName, middleName, dob, gender, street, city, postCode, email, mobilePhone, major, minor, category, nationality, advisorEmail) VALUES ('S779-7227','Robertson', 'Sophie', 'A', to_date('1979-5-3', 'yyyy-mm-dd'), 'F','4385 Sunset Rd.', 'Courtland', 56021, 'sar2322@sample.edu', '247-234-6328', 'IT', 'Physics', 'Grad', 'US', 'baustin@sample.edu');
INSERT INTO Student (bannerNo, lastName, firstName, middleName, dob, gender, street, city, postCode, email, mobilePhone, major, minor, category, nationality, advisorEmail) VALUES ('S988-2883','Parker', 'Michael', 'A', to_date('1988-10-18', 'yyyy-mm-dd'), 'M','2901 Washington St.', 'Marfa', 79843, 'map8072@sample.edu', '320-712-2933', 'LibArts', 'Acting', 'Undergrad', 'US', 'ocunning@sample.edu');
INSERT INTO Student (bannerNo, lastName, firstName, middleName, dob, gender, street, city, postCode, email, mobilePhone, major, minor, category, nationality, advisorEmail) VALUES ('S678-9762','Watson', 'Caleb', 'Caden', to_date('1954-9-6', 'yyyy-mm-dd'), 'M','3121 Cedar Ln.', 'Memphis', 38122, 'ccw6784@sample.edu', '264-963-7915', 'Acting', 'CompSci', 'Undergrad', 'US', 'agonzale@sample.edu');
INSERT INTO Student (bannerNo, lastName, firstName, middleName, dob, gender, street, city, postCode, email, mobilePhone, major, minor, category, nationality, advisorEmail) VALUES ('S291-3106','Hall', 'Jonathan', 'A', to_date('1950-3-24', 'yyyy-mm-dd'), 'M','1113 Oak Cir.', 'Salinas', 93908, 'jah1101@sample.edu', '847-962-3667', 'CompSci', 'Acting', 'Postgrad', 'US', 'hhart@sample.edu');
INSERT INTO Student (bannerNo, lastName, firstName, middleName, dob, gender, street, city, postCode, email, mobilePhone, major, minor, category, nationality, advisorEmail) VALUES ('S510-3514','Berry', 'Caroline', 'K', to_date('1970-11-15', 'yyyy-mm-dd'), 'F','1120 Cedar Dr.', 'Stevens Pottery', 31031, 'ckb5103@sample.edu', '600-491-9801', 'IT', 'CompSci', 'Undergrad', 'US', 'baustin@sample.edu');
INSERT INTO Student (bannerNo, lastName, firstName, middleName, dob, gender, street, city, postCode, email, mobilePhone, major, minor, category, nationality, advisorEmail) VALUES ('S653-1714','Torres', 'Rachel', 'A', to_date('1940-12-5', 'yyyy-mm-dd'), 'F','206 Elm Dr.', 'Shaver Lake', 93664, 'rat4690@sample.edu', '235-817-5358', 'Physics', 'LibArts', 'Undergrad', 'US', 'dlopez@sample.edu');
INSERT INTO Student (bannerNo, lastName, firstName, middleName, dob, gender, street, city, postCode, email, mobilePhone, major, minor, category, nationality, advisorEmail) VALUES ('S732-8954','Cooper', 'Genesis', 'S', to_date('1955-9-9', 'yyyy-mm-dd'), 'F','4290 Wilson Dr.', 'Kansas', 61933, 'gsc8877@sample.edu', '649-952-4293', 'LibArts', 'Acting', 'Undergrad', 'US', 'ocunning@sample.edu');
INSERT INTO Student (bannerNo, lastName, firstName, middleName, dob, gender, street, city, postCode, email, mobilePhone, major, minor, category, nationality, advisorEmail) VALUES ('S929-4679','Kelley', 'Michael', 'D', to_date('1940-10-14', 'yyyy-mm-dd'), 'M','3260 Park Cir.', 'Ethridge', 38456, 'mdk8236@sample.edu', '652-692-9318', 'LibArts', 'Physics', 'Undergrad', 'US', 'ocunning@sample.edu');
INSERT INTO Student (bannerNo, lastName, firstName, middleName, dob, gender, street, city, postCode, email, mobilePhone, major, minor, category, nationality, advisorEmail) VALUES ('S676-2089','Mitchell', 'Gavin', 'N', to_date('1957-6-22', 'yyyy-mm-dd'), 'M','4130 Cherry St.', 'Luverne', 56156, 'gnm9781@sample.edu', '732-559-7157', 'Physics', 'IT', 'Grad', 'US', 'dlopez@sample.edu');
INSERT INTO Student (bannerNo, lastName, firstName, middleName, dob, gender, street, city, postCode, email, mobilePhone, major, minor, category, nationality, advisorEmail) VALUES ('S205-2616','Hunt', 'Jesus', 'K', to_date('1943-10-5', 'yyyy-mm-dd'), 'M','4724 Wilson Rd.', 'Erie', 48133, 'jkh4974@sample.edu', '510-905-2856', 'CompSci', 'Acting', 'Undergrad', 'US', 'hhart@sample.edu');
INSERT INTO Student (bannerNo, lastName, firstName, middleName, dob, gender, street, city, postCode, email, mobilePhone, major, minor, category, nationality, advisorEmail) VALUES ('S106-7044','Allen', 'Allison', 'M', to_date('1975-6-7', 'yyyy-mm-dd'), 'F','1222 Wilson Cir.', 'La Crosse', 67548, 'ama2005@sample.edu', '981-251-3762', 'CompSci', 'LibArts', 'Grad', 'US', 'hhart@sample.edu');
INSERT INTO Student (bannerNo, lastName, firstName, middleName, dob, gender, street, city, postCode, email, mobilePhone, major, minor, category, nationality, advisorEmail) VALUES ('S382-6058','Gonzales', 'Rachel', 'K', to_date('1964-3-15', 'yyyy-mm-dd'), 'F','1746 Adams Cir.', 'Millersburg', 52308, 'rkg8525@sample.edu', '793-749-7192', 'IT', 'Physics', 'Grad', 'US', 'baustin@sample.edu');
INSERT INTO Student (bannerNo, lastName, firstName, middleName, dob, gender, street, city, postCode, email, mobilePhone, major, minor, category, nationality, advisorEmail) VALUES ('S350-2984','Flores', 'Kaden', 'Michael', to_date('1942-9-13', 'yyyy-mm-dd'), 'M','4591 Walnut Dr.', 'Bedford', 83112, 'kmf6597@sample.edu', '508-702-5919', 'LibArts', 'Acting', 'Grad', 'US', 'ocunning@sample.edu');
INSERT INTO Student (bannerNo, lastName, firstName, middleName, dob, gender, street, city, postCode, email, mobilePhone, major, minor, category, nationality, advisorEmail) VALUES ('S771-7342','Gibson', 'Jordan', 'J', to_date('1993-2-9', 'yyyy-mm-dd'), 'M','2034 Sunset Dr.', 'Somerville', 35670, 'jjg4968@sample.edu', '493-737-3413', 'Acting', 'LibArts', 'Grad', 'US', 'agonzale@sample.edu');
INSERT INTO Student (bannerNo, lastName, firstName, middleName, dob, gender, street, city, postCode, email, mobilePhone, major, minor, category, nationality, advisorEmail) VALUES ('S895-6746','Spencer', 'John', 'T', to_date('1957-12-3', 'yyyy-mm-dd'), 'M','3631 Park St.', 'Port Saint John', 32927, 'jts2371@sample.edu', '603-361-4419', 'CompSci', 'LibArts', 'Grad', 'US', 'hhart@sample.edu');
INSERT INTO Student (bannerNo, lastName, firstName, middleName, dob, gender, street, city, postCode, email, mobilePhone, major, minor, category, nationality, advisorEmail) VALUES ('S979-1716','Palmer', 'William', 'Hayden', to_date('1945-8-9', 'yyyy-mm-dd'), 'M','3044 Elm Ln.', 'Wofford Heights', 93285, 'whp6141@sample.edu', '491-947-5440', 'Acting', 'LibArts', 'Undergrad', 'US', 'agonzale@sample.edu');
INSERT INTO Student (bannerNo, lastName, firstName, middleName, dob, gender, street, city, postCode, email, mobilePhone, major, minor, category, nationality, advisorEmail) VALUES ('S425-8573','Hayes', 'Mackenzie', 'Vanessa', to_date('1977-2-9', 'yyyy-mm-dd'), 'F','130 Jackson Dr.', 'New Castle', 16102, 'mvh4247@sample.edu', '281-348-4498', 'Physics', 'CompSci', 'Grad', 'US', 'dlopez@sample.edu');
INSERT INTO Student (bannerNo, lastName, firstName, middleName, dob, gender, street, city, postCode, email, mobilePhone, major, minor, category, nationality, advisorEmail) VALUES ('S268-5440','Scott', 'Charlotte', 'Sophie', to_date('1984-11-10', 'yyyy-mm-dd'), 'F','2241 Cherry Dr.', 'Troy', 22974, 'css7148@sample.edu', '753-425-4864', 'CompSci', 'Physics', 'Grad', 'US', 'hhart@sample.edu');
INSERT INTO Student (bannerNo, lastName, firstName, middleName, dob, gender, street, city, postCode, email, mobilePhone, major, minor, category, nationality, advisorEmail) VALUES ('S814-7306','Baker', 'Rachel', 'A', to_date('1968-5-8', 'yyyy-mm-dd'), 'F','47 Rose St.', 'Dearborn Heights', 48127, 'rab7932@sample.edu', '639-853-8201', 'LibArts', 'Physics', 'Undergrad', 'US', 'ocunning@sample.edu');
INSERT INTO Student (bannerNo, lastName, firstName, middleName, dob, gender, street, city, postCode, email, mobilePhone, major, minor, category, nationality, advisorEmail) VALUES ('S566-1443','Cunningham', 'Evan', 'N', to_date('1957-6-11', 'yyyy-mm-dd'), 'M','4469 Laurel Ln.', 'Ward', 72176, 'enc4045@sample.edu', '827-855-8825', 'Physics', 'LibArts', 'Grad', 'US', 'dlopez@sample.edu');
INSERT INTO Student (bannerNo, lastName, firstName, middleName, dob, gender, street, city, postCode, email, mobilePhone, major, minor, category, nationality, advisorEmail) VALUES ('S932-1225','Cooper', 'Isaac', 'Caleb', to_date('1944-11-16', 'yyyy-mm-dd'), 'M','2839 Woodland Rd.', 'Denton', 21629, 'icc4079@sample.edu', '611-647-2514', 'CompSci', 'LibArts', 'Grad', 'US', 'hhart@sample.edu');
INSERT INTO Student (bannerNo, lastName, firstName, middleName, dob, gender, street, city, postCode, email, mobilePhone, major, minor, category, nationality, advisorEmail) VALUES ('S402-9592','Ford', 'Aidan', 'C', to_date('1940-11-23', 'yyyy-mm-dd'), 'M','3765 Cherry Dr.', 'Garvin', 74736, 'acf7986@sample.edu', '225-777-6539', 'Physics', 'IT', 'Grad', 'US', 'dlopez@sample.edu');
INSERT INTO Student (bannerNo, lastName, firstName, middleName, dob, gender, street, city, postCode, email, mobilePhone, major, minor, category, nationality, advisorEmail) VALUES ('S767-9088','Elliott', 'Hunter', 'Kaden', to_date('1983-4-13', 'yyyy-mm-dd'), 'M','1882 Willow Cir.', 'Bladensburg', 20710, 'hke7095@sample.edu', '663-639-2061', 'LibArts', 'CompSci', 'Postgrad', 'US', 'ocunning@sample.edu');
INSERT INTO Student (bannerNo, lastName, firstName, middleName, dob, gender, street, city, postCode, email, mobilePhone, major, minor, category, nationality, advisorEmail) VALUES ('S909-9693','Clark', 'Brianna', 'S', to_date('1979-12-28', 'yyyy-mm-dd'), 'F','3096 Park Dr.', 'Revelo', 42638, 'bsc5882@sample.edu', '337-738-4290', 'Physics', 'LibArts', 'Undergrad', 'US', 'dlopez@sample.edu');
INSERT INTO Student (bannerNo, lastName, firstName, middleName, dob, gender, street, city, postCode, email, mobilePhone, major, minor, category, nationality, advisorEmail) VALUES ('S794-9897','Taylor', 'Matthew', 'Michael', to_date('1984-5-23', 'yyyy-mm-dd'), 'M','4182 Jackson St.', 'Estero', 33928, 'mmt4873@sample.edu', '693-729-8670', 'LibArts', 'IT', 'Postgrad', 'US', 'ocunning@sample.edu');
INSERT INTO Student (bannerNo, lastName, firstName, middleName, dob, gender, street, city, postCode, email, mobilePhone, major, minor, category, nationality, advisorEmail) VALUES ('S687-1462','Grant', 'Allison', 'Layla', to_date('1963-1-4', 'yyyy-mm-dd'), 'F','2056 Virginia Rd.', 'Long Key', 33001, 'alg1714@sample.edu', '877-546-4244', 'IT', 'CompSci', 'Postgrad', 'US', 'baustin@sample.edu');
INSERT INTO Student (bannerNo, lastName, firstName, middleName, dob, gender, street, city, postCode, email, mobilePhone, major, minor, category, nationality, advisorEmail) VALUES ('S397-9604','Ruiz', 'Maria', 'B', to_date('1970-10-11', 'yyyy-mm-dd'), 'F','569 Oak Rd.', 'Weston', 83286, 'mbr9226@sample.edu', '315-703-7876', 'CompSci', 'LibArts', 'Undergrad', 'US', 'hhart@sample.edu');
INSERT INTO Student (bannerNo, lastName, firstName, middleName, dob, gender, street, city, postCode, email, mobilePhone, major, minor, category, nationality, advisorEmail) VALUES ('S672-6838','Morales', 'Gabriella', 'K', to_date('1994-2-25', 'yyyy-mm-dd'), 'F','3296 Elm Rd.', 'Greenville', 63944, 'gkm7846@sample.edu', '976-276-4703', 'CompSci', 'Acting', 'Undergrad', 'US', 'hhart@sample.edu');
INSERT INTO Student (bannerNo, lastName, firstName, middleName, dob, gender, street, city, postCode, email, mobilePhone, major, minor, category, nationality, advisorEmail) VALUES ('S764-4623','Kennedy', 'Gianna', 'Arianna', to_date('1974-3-12', 'yyyy-mm-dd'), 'F','1276 Highland Ln.', 'Coleridge', 27316, 'gak1890@sample.edu', '717-779-2291', 'IT', 'Acting', 'Undergrad', 'US', 'baustin@sample.edu');
INSERT INTO Student (bannerNo, lastName, firstName, middleName, dob, gender, street, city, postCode, email, mobilePhone, major, minor, category, nationality, advisorEmail) VALUES ('S450-8060','Johnson', 'Angelina', 'A', to_date('1940-5-8', 'yyyy-mm-dd'), 'F','540 Elm Dr.', 'Arlington', 2476, 'aaj3080@sample.edu', '706-877-2987', 'Physics', 'LibArts', 'Undergrad', 'US', 'dlopez@sample.edu');
INSERT INTO Student (bannerNo, lastName, firstName, middleName, dob, gender, street, city, postCode, email, mobilePhone, major, minor, category, nationality, advisorEmail) VALUES ('S465-3831','Gordon', 'Aaron', 'A', to_date('1975-5-9', 'yyyy-mm-dd'), 'M','4688 Cedar St.', 'North Plainfield', 7063, 'aag6587@sample.edu', '788-360-5883', 'IT', 'Acting', 'Grad', 'US', 'baustin@sample.edu');
INSERT INTO Student (bannerNo, lastName, firstName, middleName, dob, gender, street, city, postCode, email, mobilePhone, major, minor, category, nationality, advisorEmail) VALUES ('S255-2803','Ramos', 'Samuel', 'Caden', to_date('1948-8-28', 'yyyy-mm-dd'), 'M','846 Oak Cir.', 'Dumas', 71639, 'scr1187@sample.edu', '956-280-6510', 'CompSci', 'IT', 'Undergrad', 'US', 'hhart@sample.edu');
INSERT INTO Student (bannerNo, lastName, firstName, middleName, dob, gender, street, city, postCode, email, mobilePhone, major, minor, category, nationality, advisorEmail) VALUES ('S221-7204','Ferguson', 'Logan', 'Cole', to_date('1944-1-1', 'yyyy-mm-dd'), 'M','3410 Linden St.', 'National Park', 8063, 'lcf8923@sample.edu', '380-978-8858', 'LibArts', 'Acting', 'Undergrad', 'US', 'ocunning@sample.edu');
INSERT INTO Student (bannerNo, lastName, firstName, middleName, dob, gender, street, city, postCode, email, mobilePhone, major, minor, category, nationality, advisorEmail) VALUES ('S410-5778','Webb', 'Julia', 'Z', to_date('1979-7-15', 'yyyy-mm-dd'), 'F','3901 Laurel Dr.', 'Minden', 25879, 'jzw1749@sample.edu', '289-763-9718', 'LibArts', 'CompSci', 'Grad', 'US', 'ocunning@sample.edu');

-- -----------------------------------------------------------------------------
-- --------------- PORTED CONTACT RECORDS --------------
-- -----------------------------------------------------------------------------
INSERT INTO Next_Of_Kin (name, contactTelNo, city, street, postCode) VALUES ('Baker, Vanessa', '416-477-8685', '3354 Virginia Cir.', 'Lebanon', 65536);
INSERT INTO Next_Of_Kin (name, contactTelNo, city, street, postCode) VALUES ('Sanchez, James', '934-374-2540', '4639 Walnut Rd.', 'South Windsor', 6074);
INSERT INTO Next_Of_Kin (name, contactTelNo, city, street, postCode) VALUES ('Young, Makayla', '824-580-5610', '825 Elm Ln.', 'Emerald Isle', 28594);
INSERT INTO Next_Of_Kin (name, contactTelNo, city, street, postCode) VALUES ('Carr, Connor', '473-821-8957', '317 Sunset Rd.', 'Memphis', 38135);
INSERT INTO Next_Of_Kin (name, contactTelNo, city, street, postCode) VALUES ('Snyder, Abigail', '451-756-3154', '3139 Park Rd.', 'Huntington', 25703);
INSERT INTO Next_Of_Kin (name, contactTelNo, city, street, postCode) VALUES ('Franklin, Anna', '970-460-4201', '1358 Oak Ln.', 'Brick', 8724);
INSERT INTO Next_Of_Kin (name, contactTelNo, city, street, postCode) VALUES ('Dixon, Tristan', '483-929-4395', '1809 Chestnut Ln.', 'Kaneohe', 96744);
INSERT INTO Next_Of_Kin (name, contactTelNo, city, street, postCode) VALUES ('Crawford, Chase', '722-683-6354', '4885 Lincoln Ln.', 'Old Glory', 79540);
INSERT INTO Next_Of_Kin (name, contactTelNo, city, street, postCode) VALUES ('Watson, Gabriel', '729-426-6439', '871 Lincoln St.', 'Bethton', 18964);
INSERT INTO Next_Of_Kin (name, contactTelNo, city, street, postCode) VALUES ('Edwards, Lily', '553-513-3566', '2702 Wilson Rd.', 'Grovetown', 30813);
INSERT INTO Next_Of_Kin (name, contactTelNo, city, street, postCode) VALUES ('Dunn, Anna', '671-527-4282', '4242 Adams Dr.', 'Suwanee', 30024);
INSERT INTO Next_Of_Kin (name, contactTelNo, city, street, postCode) VALUES ('Gardner, Jacob', '461-553-9115', '4600 Pine Dr.', 'Seal Rock', 97376);
INSERT INTO Next_Of_Kin (name, contactTelNo, city, street, postCode) VALUES ('Stevens, Charlotte', '722-434-5272', '4778 Elm Rd.', 'Surry', 4684);
INSERT INTO Next_Of_Kin (name, contactTelNo, city, street, postCode) VALUES ('Johnson, Jose', '319-315-9219', '1483 Highland St.', 'Amherst', 14226);
INSERT INTO Next_Of_Kin (name, contactTelNo, city, street, postCode) VALUES ('Ryan, Chloe', '717-514-2994', '3424 Oak Dr.', 'Ingram', 78025);
INSERT INTO Next_Of_Kin (name, contactTelNo, city, street, postCode) VALUES ('Parker, Natalie', '493-843-6304', '4354 Oak Ln.', 'Victor', 14564);
INSERT INTO Next_Of_Kin (name, contactTelNo, city, street, postCode) VALUES ('Green, Sean', '913-865-9002', '1137 Woodland Ln.', 'Guilderland', 12084);
INSERT INTO Next_Of_Kin (name, contactTelNo, city, street, postCode) VALUES ('Cunningham, Brianna', '752-602-6566', '202 Franklin St.', 'Saint Lucas', 52166);
INSERT INTO Next_Of_Kin (name, contactTelNo, city, street, postCode) VALUES ('Johnson, Bryan', '367-710-8116', '2328 Rose Cir.', 'Walnut', 28753);
INSERT INTO Next_Of_Kin (name, contactTelNo, city, street, postCode) VALUES ('Williams, Sydney', '821-405-5717', '2561 Madison Dr.', 'Oxford', 19363);
INSERT INTO Next_Of_Kin (name, contactTelNo, city, street, postCode) VALUES ('Thomas, Lucas', '407-901-4852', '4063 Woodland St.', 'Pitcairn', 15140);
INSERT INTO Next_Of_Kin (name, contactTelNo, city, street, postCode) VALUES ('Murray, Jaden', '518-930-9713', '3671 Adams Cir.', 'Clarksburg', 65025);
INSERT INTO Next_Of_Kin (name, contactTelNo, city, street, postCode) VALUES ('Wood, Ariana', '702-927-3916', '1254 Washington Rd.', 'Dushore', 18614);
INSERT INTO Next_Of_Kin (name, contactTelNo, city, street, postCode) VALUES ('Martinez, Anna', '515-760-2093', '1975 Wilson Ln.', 'Dayton', 50530);
INSERT INTO Next_Of_Kin (name, contactTelNo, city, street, postCode) VALUES ('Daniels, Sophia', '837-692-6927', '3402 Rose Dr.', 'Maiden Rock', 54750);
INSERT INTO Next_Of_Kin (name, contactTelNo, city, street, postCode) VALUES ('Simmons, Julian', '687-919-2985', '3215 Highland Cir.', 'Guilford', 4443);
INSERT INTO Next_Of_Kin (name, contactTelNo, city, street, postCode) VALUES ('James, Mariah', '827-304-7030', '4551 Highland Rd.', 'Clifton Forge', 24422);
INSERT INTO Next_Of_Kin (name, contactTelNo, city, street, postCode) VALUES ('Owens, Morgan', '764-744-5141', '971 Elm Dr.', 'Enfield', 62835);
INSERT INTO Next_Of_Kin (name, contactTelNo, city, street, postCode) VALUES ('Young, Michael', '640-605-3725', '278 Virginia Dr.', 'Canby', 56220);
INSERT INTO Next_Of_Kin (name, contactTelNo, city, street, postCode) VALUES ('Willis, Julia', '718-457-6804', '1029 Jefferson St.', 'Middlesboro', 40965);
INSERT INTO Next_Of_Kin (name, contactTelNo, city, street, postCode) VALUES ('Flores, Brooke', '609-264-3975', '3072 Franklin Ln.', 'Atwater', 95301);
INSERT INTO Next_Of_Kin (name, contactTelNo, city, street, postCode) VALUES ('Gordon, Kaitlyn', '643-411-6754', '3504 Park Dr.', 'Corona', 92879);
INSERT INTO Next_Of_Kin (name, contactTelNo, city, street, postCode) VALUES ('Ramos, Ayden', '437-294-2163', '687 Pine Rd.', 'Thaxton', 24174);
INSERT INTO Next_Of_Kin (name, contactTelNo, city, street, postCode) VALUES ('Foster, Mackenzie', '391-609-5140', '576 Madison Rd.', 'Hanna', 84031);
INSERT INTO Next_Of_Kin (name, contactTelNo, city, street, postCode) VALUES ('Cunningham, Katherine', '617-650-5834', '83 Willow Dr.', 'Brooklyn', 11236);
INSERT INTO Next_Of_Kin (name, contactTelNo, city, street, postCode) VALUES ('Reynolds, Joseph', '812-576-8200', '3547 Jackson St.', 'Knapp', 54749);
INSERT INTO Next_Of_Kin (name, contactTelNo, city, street, postCode) VALUES ('Wilson, Alexandra', '251-809-6086', '819 Cedar Rd.', 'Coldwater', 38618);
INSERT INTO Next_Of_Kin (name, contactTelNo, city, street, postCode) VALUES ('Hicks, Ethan', '465-209-3673', '4226 Willow Dr.', 'Mc Comb', 45858);
INSERT INTO Next_Of_Kin (name, contactTelNo, city, street, postCode) VALUES ('Henderson, Isabella', '372-486-5112', '4936 Lincoln St.', 'Clewiston', 33440);
INSERT INTO Next_Of_Kin (name, contactTelNo, city, street, postCode) VALUES ('Rivera, Caleb', '616-668-2546', '536 Linden Dr.', 'Pasadena', 91101);
INSERT INTO Next_Of_Kin (name, contactTelNo, city, street, postCode) VALUES ('Simpson, Grace', '931-969-3560', '2653 Willow Ln.', 'Carthage', 64836);
INSERT INTO Next_Of_Kin (name, contactTelNo, city, street, postCode) VALUES ('Matthews, Brandon', '817-392-7555', '713 Lincoln Ln.', 'Seville', 32190);
INSERT INTO Next_Of_Kin (name, contactTelNo, city, street, postCode) VALUES ('Anderson, Noah', '670-932-6749', '4401 Jackson Ln.', 'Lakeville', 6039);
INSERT INTO Next_Of_Kin (name, contactTelNo, city, street, postCode) VALUES ('Austin, Christopher', '477-957-9590', '2228 Washington Dr.', 'Auburn', 3032);
INSERT INTO Next_Of_Kin (name, contactTelNo, city, street, postCode) VALUES ('Ramos, Sydney', '942-888-7631', '1578 Adams St.', 'Portsmouth', 23704);
INSERT INTO Next_Of_Kin (name, contactTelNo, city, street, postCode) VALUES ('Peterson, Carson', '503-201-8625', '4633 Lincoln Rd.', 'Hettick', 62649);
INSERT INTO Next_Of_Kin (name, contactTelNo, city, street, postCode) VALUES ('Simmons, Elijah', '219-210-8432', '4323 Oak Ln.', 'Hereford', 21111);
INSERT INTO Next_Of_Kin (name, contactTelNo, city, street, postCode) VALUES ('Olson, Taylor', '716-651-9024', '891 Woodland Rd.', 'Iroquois', 57353);
INSERT INTO Next_Of_Kin (name, contactTelNo, city, street, postCode) VALUES ('Ford, Christian', '680-258-7697', '1654 Maple St.', 'Naturita', 81422);
INSERT INTO Next_Of_Kin (name, contactTelNo, city, street, postCode) VALUES ('Olson, Charlotte', '295-306-2170', '3447 Pine St.', 'Pennville', 47369);
INSERT INTO Next_Of_Kin (name, contactTelNo, city, street, postCode) VALUES ('Murphy, Aidan', '969-958-7760', '4395 Woodland Rd.', 'Kingston', 98346);
INSERT INTO Next_Of_Kin (name, contactTelNo, city, street, postCode) VALUES ('Harper, Anna', '373-910-4094', '107 Laurel Ln.', 'Arcadia', 51430);
INSERT INTO Next_Of_Kin (name, contactTelNo, city, street, postCode) VALUES ('Rivera, Brianna', '821-793-2834', '1831 Cherry Rd.', 'Tennerton', 26201);
INSERT INTO Next_Of_Kin (name, contactTelNo, city, street, postCode) VALUES ('Stone, Brian', '441-723-5120', '3351 Wilson Ln.', 'Syracuse', 45779);
INSERT INTO Next_Of_Kin (name, contactTelNo, city, street, postCode) VALUES ('Perry, Mary', '667-711-8199', '4565 Elm St.', 'Danforth', 60930);
INSERT INTO Next_Of_Kin (name, contactTelNo, city, street, postCode) VALUES ('Carpenter, Ian', '510-558-9986', '615 Linden Cir.', 'Worthing', 57077);
INSERT INTO Next_Of_Kin (name, contactTelNo, city, street, postCode) VALUES ('Perkins, Benjamin', '298-740-8978', '2456 Cedar Rd.', 'Strawn', 66839);
INSERT INTO Next_Of_Kin (name, contactTelNo, city, street, postCode) VALUES ('Hunter, Isabelle', '316-399-6911', '2102 Chestnut Ln.', 'Cornell', 54732);
INSERT INTO Next_Of_Kin (name, contactTelNo, city, street, postCode) VALUES ('Bailey, Destiny', '543-361-5853', '2598 Linden St.', 'Piedmont', 36272);
INSERT INTO Next_Of_Kin (name, contactTelNo, city, street, postCode) VALUES ('Henry, Gavin', '693-900-5895', '2675 Franklin St.', 'Crum Lynne', 19022);
INSERT INTO Next_Of_Kin (name, contactTelNo, city, street, postCode) VALUES ('Gonzales, Diego', '573-339-5038', '3694 Woodland St.', 'Jerusalem', 43747);
INSERT INTO Next_Of_Kin (name, contactTelNo, city, street, postCode) VALUES ('Davis, Faith', '319-502-4516', '4287 Laurel Dr.', 'Scarborough', 4074);
INSERT INTO Next_Of_Kin (name, contactTelNo, city, street, postCode) VALUES ('Greene, Christian', '962-879-6600', '4722 Cedar St.', 'Pacolet', 29372);
INSERT INTO Next_Of_Kin (name, contactTelNo, city, street, postCode) VALUES ('Turner, Sofia', '677-666-7893', '4261 Highland Dr.', 'Coulee', 58746);
INSERT INTO Next_Of_Kin (name, contactTelNo, city, street, postCode) VALUES ('Carter, Ethan', '912-561-5723', '3646 Madison Ln.', 'Saint Peter', 56082);
INSERT INTO Next_Of_Kin (name, contactTelNo, city, street, postCode) VALUES ('Gonzalez, Christopher', '418-690-8577', '305 Laurel St.', 'Eldon', 52554);
INSERT INTO Next_Of_Kin (name, contactTelNo, city, street, postCode) VALUES ('Kelley, Alexa', '879-569-4570', '1806 Highland Cir.', 'Kiel', 53042);
INSERT INTO Next_Of_Kin (name, contactTelNo, city, street, postCode) VALUES ('Sullivan, Josiah', '930-907-4730', '4369 Maple Dr.', 'Accokeek', 20607);
INSERT INTO Next_Of_Kin (name, contactTelNo, city, street, postCode) VALUES ('Hicks, Genesis', '503-423-7946', '2435 Oak St.', 'Healdsburg', 95448);
INSERT INTO Next_Of_Kin (name, contactTelNo, city, street, postCode) VALUES ('Wells, Avery', '292-604-2541', '6 Pine St.', 'Machipongo', 23405);
INSERT INTO Next_Of_Kin (name, contactTelNo, city, street, postCode) VALUES ('Hughes, Luke', '207-339-6704', '1302 Highland Cir.', 'Marmet', 25315);
INSERT INTO Next_Of_Kin (name, contactTelNo, city, street, postCode) VALUES ('Hawkins, Isabelle', '751-394-3992', '2875 Virginia Rd.', 'Saint James', 56081);
INSERT INTO Next_Of_Kin (name, contactTelNo, city, street, postCode) VALUES ('Nelson, Andrew', '615-291-8602', '3651 Woodland Ln.', 'Wauconda', 98859);
INSERT INTO Next_Of_Kin (name, contactTelNo, city, street, postCode) VALUES ('Armstrong, Jocelyn', '787-479-7923', '452 Franklin St.', 'Grossinger', 12734);
INSERT INTO Next_Of_Kin (name, contactTelNo, city, street, postCode) VALUES ('Henry, Elijah', '774-698-3533', '1519 Chestnut Cir.', 'Albuquerque', 87104);
INSERT INTO Next_Of_Kin (name, contactTelNo, city, street, postCode) VALUES ('Ward, Andrea', '683-233-7166', '4248 Elm Dr.', 'Hardaway', 36039);
INSERT INTO Next_Of_Kin (name, contactTelNo, city, street, postCode) VALUES ('Hill, Noah', '574-581-4484', '818 Willow Ln.', 'Mineola', 75773);
INSERT INTO Next_Of_Kin (name, contactTelNo, city, street, postCode) VALUES ('Wheeler, Caroline', '706-950-3061', '2856 Oak Rd.', 'Lumberton', 77657);
INSERT INTO Next_Of_Kin (name, contactTelNo, city, street, postCode) VALUES ('Rose, Andrew', '977-319-2119', '2990 Madison Ln.', 'Pearl River', 70452);
INSERT INTO Next_Of_Kin (name, contactTelNo, city, street, postCode) VALUES ('Taylor, Riley', '205-984-7043', '1349 Lincoln Rd.', 'Urbandale', 50322);
INSERT INTO Next_Of_Kin (name, contactTelNo, city, street, postCode) VALUES ('Reyes, Makayla', '449-799-3044', '3461 Oak Dr.', 'Bena', 56626);
INSERT INTO Next_Of_Kin (name, contactTelNo, city, street, postCode) VALUES ('Lane, Jason', '323-863-7441', '4437 Cedar St.', 'Middleboro', 2346);
INSERT INTO Next_Of_Kin (name, contactTelNo, city, street, postCode) VALUES ('Martinez, Zoe', '676-852-9288', '1134 Maple Rd.', 'Cherry Run', 25427);
INSERT INTO Next_Of_Kin (name, contactTelNo, city, street, postCode) VALUES ('Roberts, Samantha', '773-224-3248', '2509 Jackson St.', 'New Glarus', 53574);
INSERT INTO Next_Of_Kin (name, contactTelNo, city, street, postCode) VALUES ('Barnes, Logan', '497-467-9645', '2135 Maple Ln.', 'Waukesha', 53186);
INSERT INTO Next_Of_Kin (name, contactTelNo, city, street, postCode) VALUES ('Reynolds, Mariah', '537-996-7769', '3048 Sunset Rd.', 'Proctor', 59929);
INSERT INTO Next_Of_Kin (name, contactTelNo, city, street, postCode) VALUES ('Murray, Caleb', '413-272-4652', '2348 Madison Cir.', 'Dalton City', 61925);
INSERT INTO Next_Of_Kin (name, contactTelNo, city, street, postCode) VALUES ('Griffin, Sean', '507-810-9063', '2782 Willow Cir.', 'Elkwood', 22718);
INSERT INTO Next_Of_Kin (name, contactTelNo, city, street, postCode) VALUES ('Nelson, Mia', '346-385-5621', '4886 Walnut Ln.', 'Star', 83669);
INSERT INTO Next_Of_Kin (name, contactTelNo, city, street, postCode) VALUES ('Ray, Ryan', '506-934-8187', '4405 Lincoln St.', 'Freeburn', 41528);
INSERT INTO Next_Of_Kin (name, contactTelNo, city, street, postCode) VALUES ('Watson, Zoe', '807-574-2325', '893 Adams Dr.', 'Deep River', 6417);
INSERT INTO Next_Of_Kin (name, contactTelNo, city, street, postCode) VALUES ('Reynolds, Maria', '726-337-4676', '3836 Franklin Ln.', 'New', 99636);
INSERT INTO Next_Of_Kin (name, contactTelNo, city, street, postCode) VALUES ('Vasquez, Alyssa', '642-870-8895', '383 Park Cir.', 'Van Tassell', 82242);
INSERT INTO Next_Of_Kin (name, contactTelNo, city, street, postCode) VALUES ('Lawrence, Gabriella', '494-508-8918', '2962 Walnut Rd.', 'Lake Geneva', 53147);
INSERT INTO Next_Of_Kin (name, contactTelNo, city, street, postCode) VALUES ('Phillips, Emily', '808-944-8362', '3237 Linden Rd.', 'Dover Foxcroft', 4426);
INSERT INTO Next_Of_Kin (name, contactTelNo, city, street, postCode) VALUES ('Gibson, Emma', '695-577-7522', '339 Chestnut Cir.', 'Rosebud', 59347);
INSERT INTO Next_Of_Kin (name, contactTelNo, city, street, postCode) VALUES ('Mitchell, Brian', '459-324-4632', '940 Willow Dr.', 'Kansas City', 64134);
INSERT INTO Next_Of_Kin (name, contactTelNo, city, street, postCode) VALUES ('Hart, Madelyn', '660-568-3870', '3898 Lincoln Cir.', 'Pricedale', 15072);
INSERT INTO Next_Of_Kin (name, contactTelNo, city, street, postCode) VALUES ('Ray, Elizabeth', '323-283-9534', '1353 Virginia St.', 'Ocean Isle Beach', 28469);
INSERT INTO Next_Of_Kin (name, contactTelNo, city, street, postCode) VALUES ('Riley, Owen', '407-425-2596', '232 Cherry Cir.', 'Cecil', 45821);
INSERT INTO Next_Of_Kin (name, contactTelNo, city, street, postCode) VALUES ('Boyd, James', '949-565-5266', '1828 Walnut St.', 'Freedom', 3836);
INSERT INTO Next_Of_Kin (name, contactTelNo, city, street, postCode) VALUES ('Kelley, Gabriella', '697-270-3755', '1923 Highland Ln.', 'Naples', 34102);
INSERT INTO Next_Of_Kin (name, contactTelNo, city, street, postCode) VALUES ('Sullivan, Elijah', '482-850-4216', '613 Chestnut Rd.', 'Ramer', 36069);
INSERT INTO Next_Of_Kin (name, contactTelNo, city, street, postCode) VALUES ('Allen, Lillian', '305-566-4236', '1511 Maple St.', 'Milton', 47357);
INSERT INTO Next_Of_Kin (name, contactTelNo, city, street, postCode) VALUES ('Jones, Arianna', '744-636-2777', '810 Sunset Dr.', 'Greensburg', 15601);
INSERT INTO Next_Of_Kin (name, contactTelNo, city, street, postCode) VALUES ('Carr, Kyle', '488-932-9986', '1184 Highland Dr.', 'Oakdale', 62268);
INSERT INTO Next_Of_Kin (name, contactTelNo, city, street, postCode) VALUES ('Gibson, Katelyn', '972-574-8528', '1143 Cherry Ln.', 'Brooklyn', 11207);
INSERT INTO Next_Of_Kin (name, contactTelNo, city, street, postCode) VALUES ('Weaver, Anna', '869-563-2649', '3805 Woodland Ln.', 'Newtown Square', 19073);
INSERT INTO Next_Of_Kin (name, contactTelNo, city, street, postCode) VALUES ('Bailey, Trinity', '889-396-8120', '2499 Franklin Ln.', 'Lone Wolf', 73655);
INSERT INTO Next_Of_Kin (name, contactTelNo, city, street, postCode) VALUES ('Lawrence, Victoria', '936-351-3677', '31 Jackson St.', 'Ladonia', 75449);
INSERT INTO Next_Of_Kin (name, contactTelNo, city, street, postCode) VALUES ('Anderson, Cooper', '784-861-3314', '633 Virginia Rd.', 'Falfurrias', 78355);
INSERT INTO Next_Of_Kin (name, contactTelNo, city, street, postCode) VALUES ('Hart, Aubrey', '376-718-6974', '415 Willow St.', 'Dutch', 99692);
INSERT INTO Next_Of_Kin (name, contactTelNo, city, street, postCode) VALUES ('Ryan, Isaiah', '659-582-5485', '3428 Franklin Ln.', 'Colma', 94014);
INSERT INTO Next_Of_Kin (name, contactTelNo, city, street, postCode) VALUES ('Stephens, Jordan', '874-725-3309', '3635 Woodland Rd.', 'Fern Park', 32730);
INSERT INTO Next_Of_Kin (name, contactTelNo, city, street, postCode) VALUES ('Morales, Mason', '717-265-5442', '1345 Chestnut Rd.', 'Sherwood', 58782);
INSERT INTO Next_Of_Kin (name, contactTelNo, city, street, postCode) VALUES ('Graham, Nathaniel', '937-417-9994', '4160 Pine Cir.', 'Montgomery', 60538);
INSERT INTO Next_Of_Kin (name, contactTelNo, city, street, postCode) VALUES ('Richardson, Alexandra', '527-573-9340', '3696 Willow Ln.', 'Reno', 89523);
INSERT INTO Next_Of_Kin (name, contactTelNo, city, street, postCode) VALUES ('West, Sebastian', '424-875-9328', '4225 Wilson St.', 'University', 38677);
INSERT INTO Next_Of_Kin (name, contactTelNo, city, street, postCode) VALUES ('Flores, Angelina', '479-996-5041', '3547 Jackson Rd.', 'Cushing', 75760);
INSERT INTO Next_Of_Kin (name, contactTelNo, city, street, postCode) VALUES ('Gibson, Jackson', '465-769-8962', '4662 Virginia Cir.', 'Lincoln', 48742);
INSERT INTO Next_Of_Kin (name, contactTelNo, city, street, postCode) VALUES ('Miller, Gabriella', '766-812-2751', '3749 Pine Ln.', 'Carlisle', 29031);
INSERT INTO Next_Of_Kin (name, contactTelNo, city, street, postCode) VALUES ('Price, Juan', '693-454-3078', '933 Woodland St.', 'Glendale', 85308);
INSERT INTO Next_Of_Kin (name, contactTelNo, city, street, postCode) VALUES ('Moore, Allison', '698-270-3508', '884 Adams St.', 'National City', 48748);
INSERT INTO Next_Of_Kin (name, contactTelNo, city, street, postCode) VALUES ('Hernandez, Sean', '991-492-6564', '1557 Rose Cir.', 'Indian River Sho', 32963);
INSERT INTO Next_Of_Kin (name, contactTelNo, city, street, postCode) VALUES ('Freeman, Kylie', '994-560-8252', '848 Sunset St.', 'Naylor', 31641);
INSERT INTO Next_Of_Kin (name, contactTelNo, city, street, postCode) VALUES ('Simmons, Cameron', '716-253-7762', '4349 Cherry Cir.', 'Crooked', 99575);
INSERT INTO Next_Of_Kin (name, contactTelNo, city, street, postCode) VALUES ('Scott, Jaden', '432-677-6148', '2441 Maple Cir.', 'Cougar', 98616);
INSERT INTO Next_Of_Kin (name, contactTelNo, city, street, postCode) VALUES ('Peters, Alexis', '269-845-2716', '2689 Rose Ln.', 'Fleming', 45729);
INSERT INTO Next_Of_Kin (name, contactTelNo, city, street, postCode) VALUES ('Flores, Brandon', '626-598-8499', '4387 Sunset St.', 'Martinsdale', 59053);

INSERT INTO HAS_NEXT_OF_KIN (name, contactTelNo, bannerNo, relationship) VALUES ('Baker, Vanessa', '416-477-8685', 'S181-8331, 'Mother');
INSERT INTO HAS_NEXT_OF_KIN (name, contactTelNo, bannerNo, relationship) VALUES ('Sanchez, James', '934-374-2540', 'S181-8331, 'Father');
INSERT INTO HAS_NEXT_OF_KIN (name, contactTelNo, bannerNo, relationship) VALUES ('Young, Makayla', '824-580-5610', 'S359-4466, 'Mother');
INSERT INTO HAS_NEXT_OF_KIN (name, contactTelNo, bannerNo, relationship) VALUES ('Carr, Connor', '473-821-8957', 'S359-4466, 'Father');
INSERT INTO HAS_NEXT_OF_KIN (name, contactTelNo, bannerNo, relationship) VALUES ('Snyder, Abigail', '451-756-3154', 'S402-5111, 'Parent');
INSERT INTO HAS_NEXT_OF_KIN (name, contactTelNo, bannerNo, relationship) VALUES ('Franklin, Anna', '970-460-4201', 'S376-8859, 'Parent');
INSERT INTO HAS_NEXT_OF_KIN (name, contactTelNo, bannerNo, relationship) VALUES ('Dixon, Tristan', '483-929-4395', 'S978-2729, 'Parent');
INSERT INTO HAS_NEXT_OF_KIN (name, contactTelNo, bannerNo, relationship) VALUES ('Crawford, Chase', '722-683-6354', 'S372-6775, 'Parent');
INSERT INTO HAS_NEXT_OF_KIN (name, contactTelNo, bannerNo, relationship) VALUES ('Watson, Gabriel', '729-426-6439', 'S590-7507, 'Parent');
INSERT INTO HAS_NEXT_OF_KIN (name, contactTelNo, bannerNo, relationship) VALUES ('Edwards, Lily', '553-513-3566', 'S359-6615, 'Parent');
INSERT INTO HAS_NEXT_OF_KIN (name, contactTelNo, bannerNo, relationship) VALUES ('Dunn, Anna', '671-527-4282', 'S455-5028, 'Parent');
INSERT INTO HAS_NEXT_OF_KIN (name, contactTelNo, bannerNo, relationship) VALUES ('Gardner, Jacob', '461-553-9115', 'S710-1908, 'Parent');
INSERT INTO HAS_NEXT_OF_KIN (name, contactTelNo, bannerNo, relationship) VALUES ('Stevens, Charlotte', '722-434-5272', 'S793-4202, 'Mother');
INSERT INTO HAS_NEXT_OF_KIN (name, contactTelNo, bannerNo, relationship) VALUES ('Johnson, Jose', '319-315-9219', 'S793-4202, 'Father');
INSERT INTO HAS_NEXT_OF_KIN (name, contactTelNo, bannerNo, relationship) VALUES ('Ryan, Chloe', '717-514-2994', 'S676-9047, 'Parent');
INSERT INTO HAS_NEXT_OF_KIN (name, contactTelNo, bannerNo, relationship) VALUES ('Parker, Natalie', '493-843-6304', 'S697-1498, 'Parent');
INSERT INTO HAS_NEXT_OF_KIN (name, contactTelNo, bannerNo, relationship) VALUES ('Green, Sean', '913-865-9002', 'S301-4217, 'Parent');
INSERT INTO HAS_NEXT_OF_KIN (name, contactTelNo, bannerNo, relationship) VALUES ('Cunningham, Brianna', '752-602-6566', 'S229-1392, 'Mother');
INSERT INTO HAS_NEXT_OF_KIN (name, contactTelNo, bannerNo, relationship) VALUES ('Johnson, Bryan', '367-710-8116', 'S229-1392, 'Father');
INSERT INTO HAS_NEXT_OF_KIN (name, contactTelNo, bannerNo, relationship) VALUES ('Williams, Sydney', '821-405-5717', 'S737-8027, 'Mother');
INSERT INTO HAS_NEXT_OF_KIN (name, contactTelNo, bannerNo, relationship) VALUES ('Thomas, Lucas', '407-901-4852', 'S737-8027, 'Father');
INSERT INTO HAS_NEXT_OF_KIN (name, contactTelNo, bannerNo, relationship) VALUES ('Murray, Jaden', '518-930-9713', 'S173-9342, 'Parent');
INSERT INTO HAS_NEXT_OF_KIN (name, contactTelNo, bannerNo, relationship) VALUES ('Wood, Ariana', '702-927-3916', 'S950-5029, 'Parent');
INSERT INTO HAS_NEXT_OF_KIN (name, contactTelNo, bannerNo, relationship) VALUES ('Martinez, Anna', '515-760-2093', 'S867-8256, 'Parent');
INSERT INTO HAS_NEXT_OF_KIN (name, contactTelNo, bannerNo, relationship) VALUES ('Daniels, Sophia', '837-692-6927', 'S860-3308, 'Mother');
INSERT INTO HAS_NEXT_OF_KIN (name, contactTelNo, bannerNo, relationship) VALUES ('Simmons, Julian', '687-919-2985', 'S860-3308, 'Father');
INSERT INTO HAS_NEXT_OF_KIN (name, contactTelNo, bannerNo, relationship) VALUES ('James, Mariah', '827-304-7030', 'S654-5667, 'Parent');
INSERT INTO HAS_NEXT_OF_KIN (name, contactTelNo, bannerNo, relationship) VALUES ('Owens, Morgan', '764-744-5141', 'S218-2230, 'Mother');
INSERT INTO HAS_NEXT_OF_KIN (name, contactTelNo, bannerNo, relationship) VALUES ('Young, Michael', '640-605-3725', 'S218-2230, 'Father');
INSERT INTO HAS_NEXT_OF_KIN (name, contactTelNo, bannerNo, relationship) VALUES ('Willis, Julia', '718-457-6804', 'S327-2461, 'Parent');
INSERT INTO HAS_NEXT_OF_KIN (name, contactTelNo, bannerNo, relationship) VALUES ('Flores, Brooke', '609-264-3975', 'S165-8942, 'Parent');
INSERT INTO HAS_NEXT_OF_KIN (name, contactTelNo, bannerNo, relationship) VALUES ('Gordon, Kaitlyn', '643-411-6754', 'S272-2074, 'Mother');
INSERT INTO HAS_NEXT_OF_KIN (name, contactTelNo, bannerNo, relationship) VALUES ('Ramos, Ayden', '437-294-2163', 'S272-2074, 'Father');
INSERT INTO HAS_NEXT_OF_KIN (name, contactTelNo, bannerNo, relationship) VALUES ('Foster, Mackenzie', '391-609-5140', 'S388-9358, 'Parent');
INSERT INTO HAS_NEXT_OF_KIN (name, contactTelNo, bannerNo, relationship) VALUES ('Cunningham, Katherine', '617-650-5834', 'S282-3399, 'Mother');
INSERT INTO HAS_NEXT_OF_KIN (name, contactTelNo, bannerNo, relationship) VALUES ('Reynolds, Joseph', '812-576-8200', 'S282-3399, 'Father');
INSERT INTO HAS_NEXT_OF_KIN (name, contactTelNo, bannerNo, relationship) VALUES ('Wilson, Alexandra', '251-809-6086', 'S113-3192, 'Mother');
INSERT INTO HAS_NEXT_OF_KIN (name, contactTelNo, bannerNo, relationship) VALUES ('Hicks, Ethan', '465-209-3673', 'S113-3192, 'Father');
INSERT INTO HAS_NEXT_OF_KIN (name, contactTelNo, bannerNo, relationship) VALUES ('Henderson, Isabella', '372-486-5112', 'S308-8593, 'Mother');
INSERT INTO HAS_NEXT_OF_KIN (name, contactTelNo, bannerNo, relationship) VALUES ('Rivera, Caleb', '616-668-2546', 'S308-8593, 'Father');
INSERT INTO HAS_NEXT_OF_KIN (name, contactTelNo, bannerNo, relationship) VALUES ('Simpson, Grace', '931-969-3560', 'S637-5225, 'Parent');
INSERT INTO HAS_NEXT_OF_KIN (name, contactTelNo, bannerNo, relationship) VALUES ('Matthews, Brandon', '817-392-7555', 'S371-7621, 'Parent');
INSERT INTO HAS_NEXT_OF_KIN (name, contactTelNo, bannerNo, relationship) VALUES ('Anderson, Noah', '670-932-6749', 'S412-1101, 'Parent');
INSERT INTO HAS_NEXT_OF_KIN (name, contactTelNo, bannerNo, relationship) VALUES ('Austin, Christopher', '477-957-9590', 'S580-6625, 'Parent');
INSERT INTO HAS_NEXT_OF_KIN (name, contactTelNo, bannerNo, relationship) VALUES ('Ramos, Sydney', '942-888-7631', 'S774-5893, 'Mother');
INSERT INTO HAS_NEXT_OF_KIN (name, contactTelNo, bannerNo, relationship) VALUES ('Peterson, Carson', '503-201-8625', 'S774-5893, 'Father');
INSERT INTO HAS_NEXT_OF_KIN (name, contactTelNo, bannerNo, relationship) VALUES ('Simmons, Elijah', '219-210-8432', 'S805-2120, 'Parent');
INSERT INTO HAS_NEXT_OF_KIN (name, contactTelNo, bannerNo, relationship) VALUES ('Olson, Taylor', '716-651-9024', 'S429-5163, 'Mother');
INSERT INTO HAS_NEXT_OF_KIN (name, contactTelNo, bannerNo, relationship) VALUES ('Ford, Christian', '680-258-7697', 'S429-5163, 'Father');
INSERT INTO HAS_NEXT_OF_KIN (name, contactTelNo, bannerNo, relationship) VALUES ('Olson, Charlotte', '295-306-2170', 'S463-3435, 'Mother');
INSERT INTO HAS_NEXT_OF_KIN (name, contactTelNo, bannerNo, relationship) VALUES ('Murphy, Aidan', '969-958-7760', 'S463-3435, 'Father');
INSERT INTO HAS_NEXT_OF_KIN (name, contactTelNo, bannerNo, relationship) VALUES ('Harper, Anna', '373-910-4094', 'S803-7183, 'Parent');
INSERT INTO HAS_NEXT_OF_KIN (name, contactTelNo, bannerNo, relationship) VALUES ('Rivera, Brianna', '821-793-2834', 'S490-3093, 'Mother');
INSERT INTO HAS_NEXT_OF_KIN (name, contactTelNo, bannerNo, relationship) VALUES ('Stone, Brian', '441-723-5120', 'S490-3093, 'Father');
INSERT INTO HAS_NEXT_OF_KIN (name, contactTelNo, bannerNo, relationship) VALUES ('Perry, Mary', '667-711-8199', 'S784-4225, 'Mother');
INSERT INTO HAS_NEXT_OF_KIN (name, contactTelNo, bannerNo, relationship) VALUES ('Carpenter, Ian', '510-558-9986', 'S784-4225, 'Father');
INSERT INTO HAS_NEXT_OF_KIN (name, contactTelNo, bannerNo, relationship) VALUES ('Perkins, Benjamin', '298-740-8978', 'S193-4048, 'Parent');
INSERT INTO HAS_NEXT_OF_KIN (name, contactTelNo, bannerNo, relationship) VALUES ('Hunter, Isabelle', '316-399-6911', 'S766-9073, 'Parent');
INSERT INTO HAS_NEXT_OF_KIN (name, contactTelNo, bannerNo, relationship) VALUES ('Bailey, Destiny', '543-361-5853', 'S938-8167, 'Mother');
INSERT INTO HAS_NEXT_OF_KIN (name, contactTelNo, bannerNo, relationship) VALUES ('Henry, Gavin', '693-900-5895', 'S938-8167, 'Father');
INSERT INTO HAS_NEXT_OF_KIN (name, contactTelNo, bannerNo, relationship) VALUES ('Gonzales, Diego', '573-339-5038', 'S907-3458, 'Parent');
INSERT INTO HAS_NEXT_OF_KIN (name, contactTelNo, bannerNo, relationship) VALUES ('Davis, Faith', '319-502-4516', 'S305-2353, 'Mother');
INSERT INTO HAS_NEXT_OF_KIN (name, contactTelNo, bannerNo, relationship) VALUES ('Greene, Christian', '962-879-6600', 'S305-2353, 'Father');
INSERT INTO HAS_NEXT_OF_KIN (name, contactTelNo, bannerNo, relationship) VALUES ('Turner, Sofia', '677-666-7893', 'S705-6923, 'Mother');
INSERT INTO HAS_NEXT_OF_KIN (name, contactTelNo, bannerNo, relationship) VALUES ('Carter, Ethan', '912-561-5723', 'S705-6923, 'Father');
INSERT INTO HAS_NEXT_OF_KIN (name, contactTelNo, bannerNo, relationship) VALUES ('Gonzalez, Christopher', '418-690-8577', 'S602-7172, 'Parent');
INSERT INTO HAS_NEXT_OF_KIN (name, contactTelNo, bannerNo, relationship) VALUES ('Kelley, Alexa', '879-569-4570', 'S573-3174, 'Mother');
INSERT INTO HAS_NEXT_OF_KIN (name, contactTelNo, bannerNo, relationship) VALUES ('Sullivan, Josiah', '930-907-4730', 'S573-3174, 'Father');
INSERT INTO HAS_NEXT_OF_KIN (name, contactTelNo, bannerNo, relationship) VALUES ('Hicks, Genesis', '503-423-7946', 'S842-7188, 'Parent');
INSERT INTO HAS_NEXT_OF_KIN (name, contactTelNo, bannerNo, relationship) VALUES ('Wells, Avery', '292-604-2541', 'S944-8489, 'Mother');
INSERT INTO HAS_NEXT_OF_KIN (name, contactTelNo, bannerNo, relationship) VALUES ('Hughes, Luke', '207-339-6704', 'S944-8489, 'Father');
INSERT INTO HAS_NEXT_OF_KIN (name, contactTelNo, bannerNo, relationship) VALUES ('Hawkins, Isabelle', '751-394-3992', 'S218-6599, 'Mother');
INSERT INTO HAS_NEXT_OF_KIN (name, contactTelNo, bannerNo, relationship) VALUES ('Nelson, Andrew', '615-291-8602', 'S218-6599, 'Father');
INSERT INTO HAS_NEXT_OF_KIN (name, contactTelNo, bannerNo, relationship) VALUES ('Armstrong, Jocelyn', '787-479-7923', 'S336-5987, 'Mother');
INSERT INTO HAS_NEXT_OF_KIN (name, contactTelNo, bannerNo, relationship) VALUES ('Henry, Elijah', '774-698-3533', 'S336-5987, 'Father');
INSERT INTO HAS_NEXT_OF_KIN (name, contactTelNo, bannerNo, relationship) VALUES ('Ward, Andrea', '683-233-7166', 'S116-8319, 'Mother');
INSERT INTO HAS_NEXT_OF_KIN (name, contactTelNo, bannerNo, relationship) VALUES ('Hill, Noah', '574-581-4484', 'S116-8319, 'Father');
INSERT INTO HAS_NEXT_OF_KIN (name, contactTelNo, bannerNo, relationship) VALUES ('Wheeler, Caroline', '706-950-3061', 'S774-2688, 'Mother');
INSERT INTO HAS_NEXT_OF_KIN (name, contactTelNo, bannerNo, relationship) VALUES ('Rose, Andrew', '977-319-2119', 'S774-2688, 'Father');
INSERT INTO HAS_NEXT_OF_KIN (name, contactTelNo, bannerNo, relationship) VALUES ('Taylor, Riley', '205-984-7043', 'S164-9360, 'Parent');
INSERT INTO HAS_NEXT_OF_KIN (name, contactTelNo, bannerNo, relationship) VALUES ('Reyes, Makayla', '449-799-3044', 'S632-3204, 'Mother');
INSERT INTO HAS_NEXT_OF_KIN (name, contactTelNo, bannerNo, relationship) VALUES ('Lane, Jason', '323-863-7441', 'S632-3204, 'Father');
INSERT INTO HAS_NEXT_OF_KIN (name, contactTelNo, bannerNo, relationship) VALUES ('Martinez, Zoe', '676-852-9288', 'S479-7595, 'Parent');
INSERT INTO HAS_NEXT_OF_KIN (name, contactTelNo, bannerNo, relationship) VALUES ('Roberts, Samantha', '773-224-3248', 'S307-6097, 'Mother');
INSERT INTO HAS_NEXT_OF_KIN (name, contactTelNo, bannerNo, relationship) VALUES ('Barnes, Logan', '497-467-9645', 'S307-6097, 'Father');
INSERT INTO HAS_NEXT_OF_KIN (name, contactTelNo, bannerNo, relationship) VALUES ('Reynolds, Mariah', '537-996-7769', 'S215-5374, 'Mother');
INSERT INTO HAS_NEXT_OF_KIN (name, contactTelNo, bannerNo, relationship) VALUES ('Murray, Caleb', '413-272-4652', 'S215-5374, 'Father');
INSERT INTO HAS_NEXT_OF_KIN (name, contactTelNo, bannerNo, relationship) VALUES ('Griffin, Sean', '507-810-9063', 'S459-4363, 'Parent');
INSERT INTO HAS_NEXT_OF_KIN (name, contactTelNo, bannerNo, relationship) VALUES ('Nelson, Mia', '346-385-5621', 'S403-2967, 'Mother');
INSERT INTO HAS_NEXT_OF_KIN (name, contactTelNo, bannerNo, relationship) VALUES ('Ray, Ryan', '506-934-8187', 'S403-2967, 'Father');
INSERT INTO HAS_NEXT_OF_KIN (name, contactTelNo, bannerNo, relationship) VALUES ('Watson, Zoe', '807-574-2325', 'S417-8491, 'Parent');
INSERT INTO HAS_NEXT_OF_KIN (name, contactTelNo, bannerNo, relationship) VALUES ('Reynolds, Maria', '726-337-4676', 'S137-5995, 'Parent');
INSERT INTO HAS_NEXT_OF_KIN (name, contactTelNo, bannerNo, relationship) VALUES ('Vasquez, Alyssa', '642-870-8895', 'S779-7227, 'Parent');
INSERT INTO HAS_NEXT_OF_KIN (name, contactTelNo, bannerNo, relationship) VALUES ('Lawrence, Gabriella', '494-508-8918', 'S988-2883, 'Parent');
INSERT INTO HAS_NEXT_OF_KIN (name, contactTelNo, bannerNo, relationship) VALUES ('Phillips, Emily', '808-944-8362', 'S678-9762, 'Parent');
INSERT INTO HAS_NEXT_OF_KIN (name, contactTelNo, bannerNo, relationship) VALUES ('Gibson, Emma', '695-577-7522', 'S510-3514, 'Mother');
INSERT INTO HAS_NEXT_OF_KIN (name, contactTelNo, bannerNo, relationship) VALUES ('Mitchell, Brian', '459-324-4632', 'S510-3514, 'Father');
INSERT INTO HAS_NEXT_OF_KIN (name, contactTelNo, bannerNo, relationship) VALUES ('Hart, Madelyn', '660-568-3870', 'S653-1714, 'Parent');
INSERT INTO HAS_NEXT_OF_KIN (name, contactTelNo, bannerNo, relationship) VALUES ('Ray, Elizabeth', '323-283-9534', 'S732-8954, 'Parent');
INSERT INTO HAS_NEXT_OF_KIN (name, contactTelNo, bannerNo, relationship) VALUES ('Riley, Owen', '407-425-2596', 'S929-4679, 'Parent');
INSERT INTO HAS_NEXT_OF_KIN (name, contactTelNo, bannerNo, relationship) VALUES ('Boyd, James', '949-565-5266', 'S676-2089, 'Parent');
INSERT INTO HAS_NEXT_OF_KIN (name, contactTelNo, bannerNo, relationship) VALUES ('Kelley, Gabriella', '697-270-3755', 'S106-7044, 'Mother');
INSERT INTO HAS_NEXT_OF_KIN (name, contactTelNo, bannerNo, relationship) VALUES ('Sullivan, Elijah', '482-850-4216', 'S106-7044, 'Father');
INSERT INTO HAS_NEXT_OF_KIN (name, contactTelNo, bannerNo, relationship) VALUES ('Allen, Lillian', '305-566-4236', 'S382-6058, 'Parent');
INSERT INTO HAS_NEXT_OF_KIN (name, contactTelNo, bannerNo, relationship) VALUES ('Jones, Arianna', '744-636-2777', 'S350-2984, 'Mother');
INSERT INTO HAS_NEXT_OF_KIN (name, contactTelNo, bannerNo, relationship) VALUES ('Carr, Kyle', '488-932-9986', 'S350-2984, 'Father');
INSERT INTO HAS_NEXT_OF_KIN (name, contactTelNo, bannerNo, relationship) VALUES ('Gibson, Katelyn', '972-574-8528', 'S771-7342, 'Parent');
INSERT INTO HAS_NEXT_OF_KIN (name, contactTelNo, bannerNo, relationship) VALUES ('Weaver, Anna', '869-563-2649', 'S895-6746, 'Parent');
INSERT INTO HAS_NEXT_OF_KIN (name, contactTelNo, bannerNo, relationship) VALUES ('Bailey, Trinity', '889-396-8120', 'S979-1716, 'Parent');
INSERT INTO HAS_NEXT_OF_KIN (name, contactTelNo, bannerNo, relationship) VALUES ('Lawrence, Victoria', '936-351-3677', 'S425-8573, 'Mother');
INSERT INTO HAS_NEXT_OF_KIN (name, contactTelNo, bannerNo, relationship) VALUES ('Anderson, Cooper', '784-861-3314', 'S425-8573, 'Father');
INSERT INTO HAS_NEXT_OF_KIN (name, contactTelNo, bannerNo, relationship) VALUES ('Hart, Aubrey', '376-718-6974', 'S814-7306, 'Mother');
INSERT INTO HAS_NEXT_OF_KIN (name, contactTelNo, bannerNo, relationship) VALUES ('Ryan, Isaiah', '659-582-5485', 'S814-7306, 'Father');
INSERT INTO HAS_NEXT_OF_KIN (name, contactTelNo, bannerNo, relationship) VALUES ('Stephens, Jordan', '874-725-3309', 'S566-1443, 'Parent');
INSERT INTO HAS_NEXT_OF_KIN (name, contactTelNo, bannerNo, relationship) VALUES ('Morales, Mason', '717-265-5442', 'S402-9592, 'Parent');
INSERT INTO HAS_NEXT_OF_KIN (name, contactTelNo, bannerNo, relationship) VALUES ('Graham, Nathaniel', '937-417-9994', 'S767-9088, 'Parent');
INSERT INTO HAS_NEXT_OF_KIN (name, contactTelNo, bannerNo, relationship) VALUES ('Richardson, Alexandra', '527-573-9340', 'S794-9897, 'Mother');
INSERT INTO HAS_NEXT_OF_KIN (name, contactTelNo, bannerNo, relationship) VALUES ('West, Sebastian', '424-875-9328', 'S794-9897, 'Father');
INSERT INTO HAS_NEXT_OF_KIN (name, contactTelNo, bannerNo, relationship) VALUES ('Flores, Angelina', '479-996-5041', 'S687-1462, 'Mother');
INSERT INTO HAS_NEXT_OF_KIN (name, contactTelNo, bannerNo, relationship) VALUES ('Gibson, Jackson', '465-769-8962', 'S687-1462, 'Father');
INSERT INTO HAS_NEXT_OF_KIN (name, contactTelNo, bannerNo, relationship) VALUES ('Miller, Gabriella', '766-812-2751', 'S397-9604, 'Mother');
INSERT INTO HAS_NEXT_OF_KIN (name, contactTelNo, bannerNo, relationship) VALUES ('Price, Juan', '693-454-3078', 'S397-9604, 'Father');
INSERT INTO HAS_NEXT_OF_KIN (name, contactTelNo, bannerNo, relationship) VALUES ('Moore, Allison', '698-270-3508', 'S672-6838, 'Parent');
INSERT INTO HAS_NEXT_OF_KIN (name, contactTelNo, bannerNo, relationship) VALUES ('Hernandez, Sean', '991-492-6564', 'S764-4623, 'Parent');
INSERT INTO HAS_NEXT_OF_KIN (name, contactTelNo, bannerNo, relationship) VALUES ('Freeman, Kylie', '994-560-8252', 'S450-8060, 'Parent');
INSERT INTO HAS_NEXT_OF_KIN (name, contactTelNo, bannerNo, relationship) VALUES ('Simmons, Cameron', '716-253-7762', 'S465-3831, 'Parent');
INSERT INTO HAS_NEXT_OF_KIN (name, contactTelNo, bannerNo, relationship) VALUES ('Scott, Jaden', '432-677-6148', 'S221-7204, 'Parent');
INSERT INTO HAS_NEXT_OF_KIN (name, contactTelNo, bannerNo, relationship) VALUES ('Peters, Alexis', '269-845-2716', 'S410-5778, 'Mother');
INSERT INTO HAS_NEXT_OF_KIN (name, contactTelNo, bannerNo, relationship) VALUES ('Flores, Brandon', '626-598-8499', 'S410-5778, 'Father');
